stenosis_ID,artery_length_mm,diameter_mm,stenosis_position_mm,stenosis_length_mm,stenosis_severity_pct,start_mm,end_mm,is_eccentric
S60_S0001,120.0,3.5,43.8,14.9,59.7,36.3,51.2,FALSE
S50_S0002,120.0,3.8,49.5,8.5,50.5,45.2,53.8,FALSE
A70_S0003,120.0,3.8,51.2,13.2,67.4,44.6,57.8,TRUE
A80_S0004,120.0,3.6,50.5,12.4,75.9,44.3,56.7,TRUE
S60_S0005,120.0,4.0,46.9,15.1,55.3,39.4,54.4,FALSE
A60_S0006,120.0,3.9,48.8,16.0,60.0,40.8,56.8,TRUE
A50_S0007,120.0,4.0,39.7,13.8,53.3,32.8,46.6,TRUE
S70_S0008,120.0,4.0,55.3,14.9,66.5,47.8,62.8,FALSE
S70_S0009,120.0,4.0,50.4,16.4,74.7,42.2,58.6,FALSE
A70_S0010,120.0,3.8,47.7,14.6,68.5,40.4,55.0,TRUE
S80_S0011,120.0,3.8,49.6,9.8,82.7,44.7,54.5,FALSE
S60_S0012,120.0,3.5,43.3,10.0,56.9,38.3,48.3,FALSE
A60_S0013,120.0,3.8,47.6,11.5,57.9,41.8,53.4,TRUE
S60_S0014,120.0,3.6,35.4,13.3,58.6,28.8,42.0,FALSE
S60_S0015,120.0,4.0,51.9,8.9,59.9,47.4,56.4,FALSE
A70_S0016,120.0,4.0,57.5,9.6,67.2,52.7,62.3,TRUE
A40_S0017,120.0,4.0,43.2,11.1,43.3,37.7,48.8,TRUE
A60_S0018,120.0,3.8,47.8,9.1,60.8,43.2,52.4,TRUE
S60_S0019,120.0,3.6,45.2,14.8,62.9,37.8,52.6,FALSE
S60_S0020,120.0,3.8,40.9,14.0,57.0,33.9,47.9,FALSE
S60_S0021,120.0,3.9,42.5,13.3,57.7,35.8,49.2,FALSE
S60_S0022,120.0,3.9,45.8,14.4,59.4,38.6,53.0,FALSE
S40_S0023,120.0,4.0,54.1,18.9,42.8,44.7,63.6,FALSE
S60_S0024,120.0,3.8,41.4,15.3,64.5,33.8,49.0,FALSE
A70_S0025,120.0,4.0,49.2,11.1,65.2,43.7,54.8,TRUE
A40_S0026,120.0,3.6,41.0,15.5,37.8,33.2,48.8,TRUE
A70_S0027,120.0,3.9,50.2,8.7,65.6,45.8,54.6,TRUE
S50_S0028,120.0,3.8,39.9,14.3,54.3,32.8,47.0,FALSE
A50_S0029,120.0,4.0,50.4,17.1,52.7,41.8,59.0,TRUE
S60_S0030,120.0,3.9,43.0,9.3,62.3,38.4,47.6,FALSE
A50_S0031,120.0,3.7,43.6,18.3,49.1,34.4,52.8,TRUE
A60_S0032,120.0,3.6,45.1,5.8,64.8,42.2,48.0,TRUE
A60_S0033,120.0,3.5,50.9,17.4,59.6,42.2,59.6,TRUE
S70_S0034,120.0,3.8,53.3,15.3,71.0,45.6,61.0,FALSE
S60_S0035,120.0,3.8,42.7,13.1,61.3,36.2,49.2,FALSE
S40_S0036,120.0,3.7,42.8,10.0,42.6,37.8,47.8,FALSE
S60_S0037,120.0,4.0,58.0,19.2,59.1,48.4,67.6,FALSE
S60_S0038,120.0,3.5,48.9,13.8,60.7,42.0,55.8,FALSE
S80_S0039,120.0,4.0,42.5,12.7,81.7,36.2,48.8,FALSE
A80_S0040,120.0,3.7,44.6,10.5,81.9,39.4,49.8,TRUE
A50_S0041,120.0,3.6,46.7,13.4,47.1,40.0,53.4,TRUE
A50_S0042,120.0,3.7,40.2,9.0,54.7,35.7,44.7,TRUE
S60_S0043,120.0,4.0,58.4,13.0,62.4,51.9,64.9,FALSE
A70_S0044,120.0,3.9,44.1,16.1,69.0,36.0,52.2,TRUE
S70_S0045,120.0,3.7,47.4,10.2,70.0,42.3,52.5,FALSE
S50_S0046,120.0,3.8,39.9,8.3,54.5,35.8,44.0,FALSE
A60_S0047,120.0,3.8,45.6,12.6,63.3,39.3,51.9,TRUE
S60_S0048,120.0,4.0,44.5,13.6,59.1,37.7,51.3,FALSE
S50_S0049,120.0,3.7,45.9,13.0,53.5,39.4,52.4,FALSE
A60_S0050,120.0,3.7,51.6,13.8,57.4,44.7,58.5,TRUE
S50_S0051,120.0,3.6,40.1,17.8,47.5,31.2,49.0,FALSE
S70_S0052,120.0,3.9,49.4,19.1,74.5,39.8,59.0,FALSE
S50_S0053,120.0,3.6,39.4,9.9,53.1,34.4,44.4,FALSE
S50_S0054,120.0,3.6,44.4,9.3,50.3,39.8,49.0,FALSE
S50_S0055,120.0,3.9,38.9,8.0,52.4,34.9,42.9,FALSE
S70_S0056,120.0,3.8,56.8,6.2,74.0,53.7,59.9,FALSE
S50_S0057,120.0,3.9,46.1,11.5,53.9,40.4,51.8,FALSE
A60_S0058,120.0,3.6,39.6,10.2,55.8,34.5,44.7,TRUE
A60_S0059,120.0,3.9,50.8,11.6,57.1,45.0,56.6,TRUE
S60_S0060,120.0,3.8,43.2,10.6,60.6,37.9,48.5,FALSE
A60_S0061,120.0,3.6,36.1,17.1,60.9,27.6,44.7,TRUE
S60_S0062,120.0,4.0,44.1,14.6,63.2,36.8,51.4,FALSE
A60_S0063,120.0,3.6,42.3,17.9,61.4,33.3,51.2,TRUE
S60_S0064,120.0,3.8,53.8,17.3,58.1,45.2,62.4,FALSE
A60_S0065,120.0,3.7,38.8,9.3,60.4,34.2,43.4,TRUE
S50_S0066,120.0,3.9,50.8,9.3,51.7,46.2,55.4,FALSE
S60_S0067,120.0,3.8,40.4,8.5,55.9,36.2,44.6,FALSE
A70_S0068,120.0,3.7,49.5,12.3,74.4,43.4,55.6,TRUE
A80_S0069,120.0,4.0,52.8,16.3,77.3,44.6,61.0,TRUE
A50_S0070,120.0,4.0,47.2,9.4,48.9,42.5,51.9,TRUE
A70_S0071,120.0,3.8,56.4,11.9,68.0,50.4,62.4,TRUE
S70_S0072,120.0,3.8,46.8,11.7,67.1,40.9,52.6,FALSE
S50_S0073,120.0,3.7,48.0,16.4,45.1,39.8,56.2,FALSE
S60_S0074,120.0,3.6,48.9,13.3,59.2,42.2,55.6,FALSE
S60_S0075,120.0,3.6,39.6,8.9,62.5,35.2,44.1,FALSE
A60_S0076,120.0,3.8,41.6,10.7,59.7,36.2,47.0,TRUE
A60_S0077,120.0,3.5,43.1,10.1,56.2,38.1,48.2,TRUE
S60_S0078,120.0,3.8,50.7,11.9,58.5,44.8,56.6,FALSE
S70_S0079,120.0,3.5,46.9,14.4,65.7,39.7,54.1,FALSE
S40_S0080,120.0,4.0,51.9,15.3,42.0,44.2,59.6,FALSE
S60_S0081,120.0,3.8,52.6,7.3,55.4,49.0,56.2,FALSE
S60_S0082,120.0,3.9,43.3,10.1,62.7,38.2,48.3,FALSE
S70_S0083,120.0,3.8,39.2,10.1,65.8,34.2,44.2,FALSE
S40_S0084,120.0,3.5,51.8,11.1,44.7,46.2,57.4,FALSE
S60_S0085,120.0,3.9,43.2,11.3,63.7,37.6,48.8,FALSE
S60_S0086,120.0,3.6,46.5,11.6,58.5,40.7,52.3,FALSE
A70_S0087,120.0,3.5,45.9,13.4,67.6,39.2,52.6,TRUE
A50_S0088,120.0,3.9,48.4,9.5,49.8,43.6,53.2,TRUE
S60_S0089,120.0,3.5,43.0,11.6,56.9,37.2,48.8,FALSE
S70_S0090,120.0,3.7,36.7,9.6,69.1,31.9,41.5,FALSE
S50_S0091,120.0,3.6,49.0,13.4,46.1,42.3,55.7,FALSE
S80_S0092,120.0,4.0,44.0,18.7,79.0,34.6,53.4,FALSE
A70_S0093,120.0,3.8,41.8,10.9,67.7,36.3,47.2,TRUE
S70_S0094,120.0,3.5,51.3,14.0,66.7,44.3,58.3,FALSE
A70_S0095,120.0,3.7,54.5,15.9,70.2,46.6,62.4,TRUE
S40_S0096,120.0,3.5,44.1,15.6,41.3,36.3,51.9,FALSE
S60_S0097,120.0,3.6,50.7,10.0,58.6,45.7,55.7,FALSE
A70_S0098,120.0,3.7,55.2,10.8,65.2,49.8,60.6,TRUE
S40_S0099,120.0,3.6,42.9,11.5,40.7,37.2,48.6,FALSE
S80_S0100,120.0,3.9,38.4,9.4,77.6,33.7,43.1,FALSE
S40_S0101,120.0,3.9,50.8,9.6,35.9,46.0,55.6,FALSE
A60_S0102,120.0,4.0,46.1,11.7,60.1,40.2,52.0,TRUE
A70_S0103,120.0,3.9,48.2,14.9,68.3,40.8,55.6,TRUE
S70_S0104,120.0,3.9,56.6,13.3,67.7,50.0,63.2,FALSE
S60_S0105,120.0,3.9,51.7,19.8,60.3,41.8,61.6,FALSE
S60_S0106,120.0,3.9,40.0,12.1,62.8,34.0,46.0,FALSE
A90_S0107,120.0,4.0,53.1,15.6,89.6,45.3,60.9,TRUE
S40_S0108,120.0,4.0,46.6,15.9,44.1,38.6,54.6,FALSE
A50_S0109,120.0,3.7,50.2,16.2,50.0,42.1,58.3,TRUE
S50_S0110,120.0,3.7,45.9,8.9,54.6,41.4,50.4,FALSE
A70_S0111,120.0,3.7,39.0,13.7,73.4,32.2,45.8,TRUE
A60_S0112,120.0,3.7,39.0,12.5,63.3,32.8,45.2,TRUE
S70_S0113,120.0,3.8,51.2,13.7,70.5,44.4,58.0,FALSE
A70_S0114,120.0,3.7,39.6,10.9,66.2,34.2,45.1,TRUE
S60_S0115,120.0,3.9,51.5,13.6,58.6,44.7,58.3,FALSE
S50_S0116,120.0,3.6,38.0,12.9,50.4,31.6,44.4,FALSE
S60_S0117,120.0,3.6,42.7,13.3,57.4,36.1,49.4,FALSE
S50_S0118,120.0,3.7,50.8,8.1,49.5,46.8,54.8,FALSE
S60_S0119,120.0,3.5,49.2,10.0,61.2,44.2,54.2,FALSE
A70_S0120,120.0,3.7,41.6,7.9,74.0,37.6,45.6,TRUE
A70_S0121,120.0,3.7,42.5,11.1,71.3,37.0,48.0,TRUE
S50_S0122,120.0,3.8,40.6,18.0,45.4,31.6,49.6,FALSE
S60_S0123,120.0,3.6,44.8,16.0,60.0,36.8,52.8,FALSE
A60_S0124,120.0,4.0,43.9,5.9,62.8,40.9,46.8,TRUE
S60_S0125,120.0,3.7,41.3,12.6,56.8,35.0,47.6,FALSE
S60_S0126,120.0,3.5,39.1,18.3,61.0,30.0,48.2,FALSE
S90_S0127,120.0,3.5,40.3,12.3,87.6,34.2,46.4,FALSE
S60_S0128,120.0,3.8,54.5,16.6,58.9,46.2,62.8,FALSE
S60_S0129,120.0,3.8,43.2,9.9,63.0,38.2,48.2,FALSE
A60_S0130,120.0,3.5,47.9,12.8,56.9,41.5,54.3,TRUE
S50_S0131,120.0,3.7,37.1,12.2,54.4,31.0,43.2,FALSE
S50_S0132,120.0,3.9,55.1,6.0,47.4,52.1,58.1,FALSE
S40_S0133,120.0,3.9,41.2,12.4,39.7,35.0,47.4,FALSE
S90_S0134,120.0,3.9,54.5,9.0,85.2,50.0,59.0,FALSE
S50_S0135,120.0,3.9,42.4,13.3,48.1,35.8,49.0,FALSE
S60_S0136,120.0,3.6,48.3,8.4,61.1,44.1,52.5,FALSE
A60_S0137,120.0,3.7,42.9,12.3,63.9,36.8,49.0,TRUE
S60_S0138,120.0,3.8,46.4,12.0,62.2,40.4,52.4,FALSE
S60_S0139,120.0,3.5,36.6,13.7,62.4,29.8,43.4,FALSE
A70_S0140,120.0,3.5,44.3,15.3,72.2,36.6,52.0,TRUE
S50_S0141,120.0,3.6,40.4,11.2,51.8,34.8,46.0,FALSE
S70_S0142,120.0,3.9,47.5,17.3,67.3,38.8,56.2,FALSE
A40_S0143,120.0,3.5,53.0,6.2,40.2,49.9,56.1,TRUE
S70_S0144,120.0,3.8,56.9,8.7,68.1,52.6,61.2,FALSE
S50_S0145,120.0,3.5,39.6,6.7,54.7,36.2,43.0,FALSE
A80_S0146,120.0,4.0,51.1,14.4,84.5,43.9,58.3,TRUE
S70_S0147,120.0,3.7,41.0,11.0,69.6,35.5,46.5,FALSE
S50_S0148,120.0,3.6,47.4,14.8,51.5,40.0,54.8,FALSE
A80_S0149,120.0,3.9,48.6,9.1,75.2,44.1,53.2,TRUE
S60_S0150,120.0,3.6,48.0,13.1,64.7,41.4,54.6,FALSE
A70_S0151,120.0,3.5,50.5,8.6,68.7,46.2,54.8,TRUE
A50_S0152,120.0,3.9,47.9,10.7,53.1,42.6,53.2,TRUE
A40_S0153,120.0,3.9,49.7,15.6,40.8,41.9,57.5,TRUE
A80_S0154,120.0,3.5,51.9,12.0,76.4,45.9,57.9,TRUE
A60_S0155,120.0,3.8,56.3,13.4,57.3,49.6,63.0,TRUE
S50_S0156,120.0,3.9,51.2,5.5,49.6,48.4,54.0,FALSE
A70_S0157,120.0,3.8,47.8,14.0,65.3,40.8,54.8,TRUE
S60_S0158,120.0,3.6,46.1,9.2,62.3,41.5,50.7,FALSE
S60_S0159,120.0,3.5,51.4,8.2,55.5,47.3,55.5,FALSE
S60_S0160,120.0,4.0,56.2,9.8,56.0,51.3,61.1,FALSE
S70_S0161,120.0,3.7,53.7,11.7,65.1,47.8,59.6,FALSE
S60_S0162,120.0,3.5,47.6,14.6,59.7,40.3,54.9,FALSE
S70_S0163,120.0,3.7,37.0,10.3,74.1,31.8,42.2,FALSE
S50_S0164,120.0,3.5,43.0,11.0,45.3,37.5,48.5,FALSE
S50_S0165,120.0,3.9,53.4,12.0,51.6,47.4,59.4,FALSE
S50_S0166,120.0,3.7,45.1,13.6,50.9,38.3,51.9,FALSE
A70_S0167,120.0,3.7,37.8,7.3,67.2,34.2,41.4,TRUE
S60_S0168,120.0,3.8,57.8,9.1,62.9,53.2,62.4,FALSE
A60_S0169,120.0,3.7,49.2,6.3,64.9,46.1,52.4,TRUE
A60_S0170,120.0,3.6,53.4,12.3,57.5,47.2,59.6,TRUE
S60_S0171,120.0,3.8,50.6,16.6,62.4,42.3,58.9,FALSE
S60_S0172,120.0,3.5,49.0,6.1,61.3,46.0,52.0,FALSE
S60_S0173,120.0,3.8,45.8,12.9,60.7,39.3,52.2,FALSE
S60_S0174,120.0,3.9,55.8,8.8,59.1,51.4,60.2,FALSE
A60_S0175,120.0,3.8,41.5,15.3,61.2,33.8,49.2,TRUE
S70_S0176,120.0,3.7,48.5,12.4,69.6,42.3,54.7,FALSE
S50_S0177,120.0,3.9,47.5,12.3,49.4,41.4,53.6,FALSE
S50_S0178,120.0,3.7,53.3,13.1,49.7,46.8,59.8,FALSE
A60_S0179,120.0,3.6,46.1,11.0,60.1,40.6,51.6,TRUE
A50_S0180,120.0,3.9,57.0,9.9,52.5,52.0,62.0,TRUE
S50_S0181,120.0,4.0,60.5,10.6,47.1,55.2,65.8,FALSE
A70_S0182,120.0,3.7,55.1,14.8,66.3,47.7,62.5,TRUE
S60_S0183,120.0,3.8,57.5,15.9,57.0,49.6,65.4,FALSE
S70_S0184,120.0,3.9,41.8,16.7,71.8,33.4,50.2,FALSE
S50_S0185,120.0,3.6,46.8,13.8,54.9,39.9,53.7,FALSE
S80_S0186,120.0,3.8,47.2,13.4,80.1,40.5,53.9,FALSE
A50_S0187,120.0,3.7,42.5,12.0,49.9,36.5,48.5,TRUE
S70_S0188,120.0,3.8,56.4,11.7,70.7,50.6,62.2,FALSE
S60_S0189,120.0,3.9,50.1,17.4,59.2,41.4,58.8,FALSE
A70_S0190,120.0,3.9,47.8,11.3,73.8,42.2,53.4,TRUE
S50_S0191,120.0,3.5,52.5,15.1,54.4,45.0,60.0,FALSE
A40_S0192,120.0,3.7,44.6,8.8,37.2,40.2,49.0,TRUE
S50_S0193,120.0,3.9,50.9,13.0,45.9,44.4,57.4,FALSE
S60_S0194,120.0,3.8,49.0,12.1,55.9,43.0,55.0,FALSE
S50_S0195,120.0,3.8,40.4,11.5,54.1,34.6,46.2,FALSE
S70_S0196,120.0,3.6,37.5,8.6,72.5,33.2,41.8,FALSE
S50_S0197,120.0,4.0,41.6,10.5,49.5,36.4,46.8,FALSE
S60_S0198,120.0,3.6,36.7,11.0,60.5,31.2,42.2,FALSE
S70_S0199,120.0,3.7,51.0,10.3,69.3,45.8,56.2,FALSE
A60_S0200,120.0,3.7,38.6,12.0,56.1,32.6,44.6,TRUE
A70_S0201,120.0,3.7,37.4,13.3,67.3,30.8,44.0,TRUE
S50_S0202,120.0,3.6,35.6,17.3,47.2,27.0,44.2,FALSE
S70_S0203,120.0,3.8,53.1,15.7,67.8,45.2,61.0,FALSE
S70_S0204,120.0,3.7,50.8,14.5,69.7,43.6,58.0,FALSE
S70_S0205,120.0,3.6,39.7,10.5,68.1,34.4,45.0,FALSE
A70_S0206,120.0,4.0,50.1,10.0,66.3,45.1,55.1,TRUE
S60_S0207,120.0,3.8,44.3,12.3,64.6,38.2,50.4,FALSE
A70_S0208,120.0,3.8,50.6,12.0,67.7,44.6,56.6,TRUE
S70_S0209,120.0,3.5,37.6,12.3,66.7,31.4,43.8,FALSE
S70_S0210,120.0,3.7,52.1,9.4,72.2,47.4,56.8,FALSE
S60_S0211,120.0,3.9,53.5,10.1,57.2,48.4,58.6,FALSE
A60_S0212,120.0,3.8,52.7,14.9,56.7,45.2,60.2,TRUE
S60_S0213,120.0,3.8,48.2,17.1,62.9,39.7,56.8,FALSE
S70_S0214,120.0,3.6,43.8,11.7,65.1,37.9,49.6,FALSE
S60_S0215,120.0,4.0,42.1,12.7,57.0,35.8,48.4,FALSE
S60_S0216,120.0,3.9,51.2,9.2,60.2,46.6,55.8,FALSE
S70_S0217,120.0,3.5,39.0,9.3,67.6,34.4,43.6,FALSE
S60_S0218,120.0,3.9,42.0,11.6,57.4,36.2,47.8,FALSE
A50_S0219,120.0,4.0,55.0,17.9,48.2,46.0,64.0,TRUE
S60_S0220,120.0,3.9,48.1,11.8,58.5,42.2,54.0,FALSE
S70_S0221,120.0,3.8,44.0,10.6,69.8,38.7,49.3,FALSE
S60_S0222,120.0,4.0,41.1,5.8,61.7,38.2,44.0,FALSE
S60_S0223,120.0,3.9,43.7,11.0,64.8,38.2,49.2,FALSE
S60_S0224,120.0,3.7,53.3,12.0,61.2,47.3,59.3,FALSE
S70_S0225,120.0,3.5,43.2,16.7,66.0,34.8,51.6,FALSE
S50_S0226,120.0,3.8,54.4,13.4,50.8,47.7,61.1,FALSE
S70_S0227,120.0,3.6,47.9,14.6,67.2,40.6,55.2,FALSE
A70_S0228,120.0,3.6,37.3,7.8,72.5,33.4,41.2,TRUE
S70_S0229,120.0,3.9,42.3,17.6,74.3,33.5,51.1,FALSE
S70_S0230,120.0,3.6,42.8,17.6,68.5,34.0,51.6,FALSE
S70_S0231,120.0,4.0,39.9,14.5,68.8,32.6,47.2,FALSE
S70_S0232,120.0,3.9,55.7,7.6,72.3,51.9,59.5,FALSE
S60_S0233,120.0,3.8,45.0,17.3,63.7,36.4,53.6,FALSE
S40_S0234,120.0,3.8,56.3,7.2,40.1,52.7,59.9,FALSE
S50_S0235,120.0,3.9,46.5,6.6,54.0,43.2,49.8,FALSE
A50_S0236,120.0,3.7,52.1,19.4,52.4,42.4,61.8,TRUE
S60_S0237,120.0,3.9,47.0,12.5,62.2,40.8,53.2,FALSE
A60_S0238,120.0,3.9,56.5,9.4,58.8,51.8,61.2,TRUE
A40_S0239,120.0,3.6,42.9,12.8,37.7,36.5,49.3,TRUE
S50_S0240,120.0,3.6,41.2,13.0,47.5,34.7,47.7,FALSE
S60_S0241,120.0,3.5,43.2,12.3,62.6,37.1,49.4,FALSE
S80_S0242,120.0,3.6,50.5,8.0,82.9,46.5,54.5,FALSE
A70_S0243,120.0,4.0,49.1,15.7,70.3,41.2,57.0,TRUE
A70_S0244,120.0,4.0,43.6,15.7,68.0,35.8,51.4,TRUE
A60_S0245,120.0,4.0,48.0,6.1,61.0,45.0,51.0,TRUE
S70_S0246,120.0,3.6,42.6,13.8,68.2,35.7,49.5,FALSE
S60_S0247,120.0,3.7,49.3,14.2,62.0,42.2,56.4,FALSE
A50_S0248,120.0,3.7,51.7,13.1,48.6,45.2,58.2,TRUE
S50_S0249,120.0,3.7,39.0,12.3,52.5,32.8,45.2,FALSE
S70_S0250,120.0,3.8,55.1,13.3,70.2,48.4,61.8,FALSE
A40_S0251,120.0,3.6,51.4,14.8,44.4,44.0,58.8,TRUE
S50_S0252,120.0,3.5,38.7,13.0,51.9,32.2,45.2,FALSE
A60_S0253,120.0,3.9,42.9,15.7,55.8,35.0,50.8,TRUE
A70_S0254,120.0,4.0,60.4,11.2,74.2,54.8,66.0,TRUE
A60_S0255,120.0,3.5,38.8,7.2,62.4,35.2,42.4,TRUE
S70_S0256,120.0,3.7,46.4,15.5,68.1,38.6,54.2,FALSE
S60_S0257,120.0,4.0,55.2,15.4,61.4,47.5,62.9,FALSE
A70_S0258,120.0,4.0,45.0,17.0,65.6,36.5,53.5,TRUE
A50_S0259,120.0,3.8,53.5,16.0,48.9,45.5,61.5,TRUE
S40_S0260,120.0,3.6,39.4,11.0,42.7,33.9,44.9,FALSE
A70_S0261,120.0,3.7,37.5,11.8,68.3,31.6,43.4,TRUE
A60_S0262,120.0,3.6,36.7,10.6,56.1,31.4,42.0,TRUE
S70_S0263,120.0,3.5,41.0,11.1,65.8,35.4,46.6,FALSE
S70_S0264,120.0,3.7,41.8,10.1,68.9,36.8,46.8,FALSE
S50_S0265,120.0,4.0,46.5,13.5,52.5,39.8,53.2,FALSE
S50_S0266,120.0,3.6,37.0,7.3,51.0,33.4,40.6,FALSE
S70_S0267,120.0,3.5,43.3,15.6,65.5,35.5,51.1,FALSE
S50_S0268,120.0,3.8,52.5,10.8,53.7,47.1,57.9,FALSE
A60_S0269,120.0,3.9,50.9,18.2,60.5,41.8,60.0,TRUE
S60_S0270,120.0,3.9,46.9,14.8,59.9,39.5,54.3,FALSE
S70_S0271,120.0,3.6,50.6,18.7,66.0,41.2,60.0,FALSE
S70_S0272,120.0,3.8,49.5,10.6,68.1,44.2,54.8,FALSE
S60_S0273,120.0,3.9,52.4,13.5,62.0,45.6,59.2,FALSE
S50_S0274,120.0,3.9,45.1,11.1,50.2,39.6,50.6,FALSE
S60_S0275,120.0,3.7,42.2,17.9,59.3,33.2,51.2,FALSE
A50_S0276,120.0,3.9,42.5,13.1,51.4,36.0,49.0,TRUE
A60_S0277,120.0,3.9,51.2,10.7,63.9,45.8,56.6,TRUE
A70_S0278,120.0,3.9,57.0,14.7,66.9,49.6,64.4,TRUE
S60_S0279,120.0,3.5,35.4,7.8,59.3,31.5,39.3,FALSE
S70_S0280,120.0,3.8,51.0,16.1,72.4,43.0,59.0,FALSE
A60_S0281,120.0,3.8,42.9,8.7,56.3,38.6,47.2,TRUE
A60_S0282,120.0,3.6,52.8,13.3,61.3,46.2,59.4,TRUE
A60_S0283,120.0,3.7,44.7,12.8,59.5,38.3,51.1,TRUE
S50_S0284,120.0,3.7,47.5,13.9,53.4,40.6,54.4,FALSE
A40_S0285,120.0,4.0,43.6,16.4,35.0,35.4,51.8,TRUE
A40_S0286,120.0,3.9,54.8,12.0,41.1,48.8,60.8,TRUE
A50_S0287,120.0,3.8,44.3,12.4,54.2,38.1,50.5,TRUE
S50_S0288,120.0,3.5,50.7,16.0,54.1,42.7,58.7,FALSE
A70_S0289,120.0,3.9,46.6,13.7,70.3,39.8,53.4,TRUE
S60_S0290,120.0,3.5,44.0,12.2,56.1,37.9,50.1,FALSE
S60_S0291,120.0,3.9,48.4,9.4,56.0,43.7,53.1,FALSE
S60_S0292,120.0,4.0,60.7,11.3,61.7,55.0,66.4,FALSE
A60_S0293,120.0,3.6,42.0,13.9,63.2,35.0,49.0,TRUE
S70_S0294,120.0,3.9,46.0,8.2,69.2,41.9,50.1,FALSE
S50_S0295,120.0,3.8,51.6,15.3,49.6,44.0,59.2,FALSE
A60_S0296,120.0,3.8,42.2,16.5,61.8,34.0,50.4,TRUE
S60_S0297,120.0,3.7,51.0,13.9,62.6,44.0,58.0,FALSE
A70_S0298,120.0,3.9,41.0,13.6,73.3,34.2,47.8,TRUE
A70_S0299,120.0,3.8,40.1,9.0,68.5,35.6,44.6,TRUE
S70_S0300,120.0,3.9,50.3,9.3,67.0,45.6,55.0,FALSE
S60_S0301,120.0,3.5,49.8,8.1,57.8,45.8,53.8,FALSE
S60_S0302,120.0,3.7,53.6,7.7,60.3,49.8,57.4,FALSE
S50_S0303,120.0,4.0,56.7,9.4,48.7,52.0,61.4,FALSE
S40_S0304,120.0,4.0,48.8,5.5,44.9,46.0,51.6,FALSE
S60_S0305,120.0,3.6,44.6,15.1,60.8,37.1,52.2,FALSE
S70_S0306,120.0,3.9,50.7,10.6,69.6,45.4,56.0,FALSE
A70_S0307,120.0,3.7,51.1,16.9,68.0,42.7,59.6,TRUE
A60_S0308,120.0,3.9,49.0,13.5,64.2,42.2,55.8,TRUE
S80_S0309,120.0,3.8,48.5,12.1,79.4,42.4,54.6,FALSE
A50_S0310,120.0,3.8,41.7,13.9,49.4,34.8,48.7,TRUE
A70_S0311,120.0,3.7,49.3,11.1,71.4,43.8,54.8,TRUE
S50_S0312,120.0,3.6,52.5,5.4,54.7,49.8,55.2,FALSE
S50_S0313,120.0,3.5,40.7,9.6,48.5,35.9,45.5,FALSE
A50_S0314,120.0,3.8,51.6,5.0,46.6,49.1,54.1,TRUE
A60_S0315,120.0,3.9,46.3,10.1,63.1,41.2,51.4,TRUE
S70_S0316,120.0,3.8,44.8,14.7,68.9,37.4,52.2,FALSE
S70_S0317,120.0,3.8,50.2,8.6,66.9,45.9,54.5,FALSE
A60_S0318,120.0,3.7,50.6,10.0,60.4,45.6,55.6,TRUE
S80_S0319,120.0,3.6,48.8,15.6,77.4,41.0,56.6,FALSE
S70_S0320,120.0,3.9,53.2,10.8,68.7,47.8,58.6,FALSE
S60_S0321,120.0,3.9,58.3,10.7,56.7,53.0,63.6,FALSE
A60_S0322,120.0,3.5,37.3,7.6,62.0,33.5,41.1,TRUE
S50_S0323,120.0,4.0,49.5,12.7,48.4,43.2,55.8,FALSE
S60_S0324,120.0,3.7,55.0,13.4,58.9,48.3,61.7,FALSE
S60_S0325,120.0,3.8,55.7,10.5,58.0,50.4,61.0,FALSE
S80_S0326,120.0,3.9,50.4,12.7,76.3,44.0,56.8,FALSE
S40_S0327,120.0,3.7,41.2,13.8,36.7,34.3,48.1,FALSE
S70_S0328,120.0,3.9,48.7,10.1,71.6,43.7,53.8,FALSE
S50_S0329,120.0,3.8,52.7,13.9,54.9,45.8,59.6,FALSE
S80_S0330,120.0,3.8,42.9,14.0,77.1,35.9,49.9,FALSE
A50_S0331,120.0,3.8,41.8,13.1,48.5,35.2,48.3,TRUE
S80_S0332,120.0,3.8,40.5,10.8,77.7,35.1,45.9,FALSE
A70_S0333,120.0,3.8,40.2,13.8,70.9,33.3,47.1,TRUE
S60_S0334,120.0,3.9,51.6,12.5,56.4,45.4,57.8,FALSE
S60_S0335,120.0,3.7,44.5,6.4,57.1,41.3,47.7,FALSE
S50_S0336,120.0,3.7,51.9,8.4,51.8,47.7,56.1,FALSE
S70_S0337,120.0,3.9,39.6,14.1,73.2,32.6,46.6,FALSE
S60_S0338,120.0,3.9,53.8,10.8,63.6,48.4,59.2,FALSE
S60_S0339,120.0,4.0,46.4,11.9,58.0,40.4,52.4,FALSE
S70_S0340,120.0,3.6,52.8,14.6,66.6,45.5,60.1,FALSE
A80_S0341,120.0,3.6,48.0,13.4,77.2,41.3,54.7,TRUE
S60_S0342,120.0,3.7,46.5,19.2,61.4,36.9,56.1,FALSE
A40_S0343,120.0,3.9,43.1,12.5,43.5,36.8,49.4,TRUE
S40_S0344,120.0,3.7,55.7,14.0,45.0,48.7,62.7,FALSE
A50_S0345,120.0,3.9,55.1,7.3,49.6,51.4,58.8,TRUE
S40_S0346,120.0,4.0,57.2,10.6,35.1,51.9,62.5,FALSE
A60_S0347,120.0,3.8,37.8,14.4,63.2,30.6,45.0,TRUE
S70_S0348,120.0,3.9,52.7,10.2,67.1,47.6,57.8,FALSE
A60_S0349,120.0,4.0,42.7,15.0,57.7,35.2,50.2,TRUE
S60_S0350,120.0,3.6,51.0,14.6,56.2,43.7,58.3,FALSE
A40_S0351,120.0,3.6,43.5,10.6,43.8,38.2,48.8,TRUE
S50_S0352,120.0,3.7,49.3,11.7,49.3,43.4,55.2,FALSE
S60_S0353,120.0,3.8,52.8,14.3,64.8,45.6,60.0,FALSE
S50_S0354,120.0,3.5,50.5,11.9,47.8,44.6,56.4,FALSE
S50_S0355,120.0,3.7,48.5,9.3,46.2,43.8,53.2,FALSE
S60_S0356,120.0,3.8,53.8,10.5,60.9,48.6,59.0,FALSE
S70_S0357,120.0,3.8,53.9,13.9,72.1,46.9,60.8,FALSE
S50_S0358,120.0,3.9,45.1,11.0,53.5,39.6,50.6,FALSE
A60_S0359,120.0,3.7,41.9,16.6,59.9,33.6,50.2,TRUE
S50_S0360,120.0,3.9,44.1,9.0,50.4,39.6,48.6,FALSE
S70_S0361,120.0,3.9,56.5,16.8,65.3,48.1,64.9,FALSE
S50_S0362,120.0,3.6,45.1,13.5,51.9,38.4,51.8,FALSE
A70_S0363,120.0,3.9,50.8,13.5,69.5,44.0,57.6,TRUE
A60_S0364,120.0,4.0,41.8,11.1,61.5,36.2,47.3,TRUE
A80_S0365,120.0,3.5,37.9,15.9,78.0,30.0,45.8,TRUE
S50_S0366,120.0,3.9,41.9,16.7,53.2,33.6,50.2,FALSE
A60_S0367,120.0,3.9,44.2,12.4,61.0,38.0,50.4,TRUE
S60_S0368,120.0,4.0,55.4,16.1,56.2,47.3,63.4,FALSE
S70_S0369,120.0,3.6,39.7,16.0,65.5,31.7,47.7,FALSE
A50_S0370,120.0,3.6,43.8,15.9,52.0,35.8,51.8,TRUE
A40_S0371,120.0,4.0,43.2,7.9,36.5,39.2,47.2,TRUE
S70_S0372,120.0,3.7,51.6,14.8,68.2,44.2,59.0,FALSE
A60_S0373,120.0,3.7,51.7,9.1,60.8,47.2,56.2,TRUE
S70_S0374,120.0,3.9,39.2,12.2,65.5,33.1,45.3,FALSE
S70_S0375,120.0,3.9,41.7,19.0,69.7,32.2,51.2,FALSE
S70_S0376,120.0,3.7,49.9,17.1,69.1,41.3,58.4,FALSE
A40_S0377,120.0,3.7,49.4,5.5,44.2,46.6,52.2,TRUE
S50_S0378,120.0,3.6,39.6,13.9,46.4,32.6,46.6,FALSE
S60_S0379,120.0,3.9,52.4,11.2,58.9,46.8,58.0,FALSE
S50_S0380,120.0,3.8,52.7,13.0,45.6,46.2,59.2,FALSE
S60_S0381,120.0,3.7,39.0,12.8,58.7,32.6,45.4,FALSE
A70_S0382,120.0,3.8,54.6,11.4,66.6,48.9,60.3,TRUE
S60_S0383,120.0,3.6,51.5,8.2,59.9,47.4,55.6,FALSE
A70_S0384,120.0,3.5,46.5,17.3,66.7,37.8,55.2,TRUE
A50_S0385,120.0,4.0,50.9,9.8,45.7,46.0,55.8,TRUE
A60_S0386,120.0,3.9,40.8,10.6,64.3,35.5,46.1,TRUE
S30_S0387,120.0,3.6,50.9,16.9,32.3,42.4,59.4,FALSE
S50_S0388,120.0,3.9,44.3,18.8,51.9,34.9,53.7,FALSE
A50_S0389,120.0,3.9,53.8,13.0,50.4,47.3,60.3,TRUE
S70_S0390,120.0,3.8,50.7,13.7,72.0,43.8,57.6,FALSE
S60_S0391,120.0,3.8,40.3,12.4,57.8,34.1,46.5,FALSE
S60_S0392,120.0,3.7,45.0,18.2,59.0,35.9,54.1,FALSE
A60_S0393,120.0,3.6,42.1,9.7,64.0,37.2,47.0,TRUE
A50_S0394,120.0,3.7,53.0,11.1,50.8,47.4,58.6,TRUE
S60_S0395,120.0,3.6,37.7,8.6,55.9,33.4,42.0,FALSE
A50_S0396,120.0,3.8,38.4,13.0,53.8,31.9,44.9,TRUE
S70_S0397,120.0,3.9,53.7,16.0,67.5,45.7,61.7,FALSE
S70_S0398,120.0,3.8,51.0,16.6,66.3,42.7,59.3,FALSE
A60_S0399,120.0,3.6,39.6,9.7,58.7,34.8,44.4,TRUE
S60_S0400,120.0,3.9,45.5,14.7,56.5,38.2,52.8,FALSE
A50_S0401,120.0,3.7,37.9,10.4,53.4,32.7,43.1,TRUE
S40_S0402,120.0,3.7,37.5,15.6,41.7,29.7,45.3,FALSE
A60_S0403,120.0,3.6,46.5,11.9,60.5,40.6,52.4,TRUE
S50_S0404,120.0,3.6,45.9,11.0,54.1,40.4,51.4,FALSE
S60_S0405,120.0,3.6,43.9,14.3,55.5,36.8,51.0,FALSE
S50_S0406,120.0,3.6,49.1,10.3,54.1,44.0,54.2,FALSE
S60_S0407,120.0,4.0,50.1,19.9,57.7,40.2,60.0,FALSE
S60_S0408,120.0,3.6,38.9,13.0,55.8,32.4,45.4,FALSE
S60_S0409,120.0,3.6,50.2,12.0,55.5,44.2,56.2,FALSE
S50_S0410,120.0,4.0,50.5,14.2,46.2,43.4,57.6,FALSE
S50_S0411,120.0,3.9,45.6,15.4,48.8,37.9,53.3,FALSE
A70_S0412,120.0,3.6,48.4,9.8,65.8,43.5,53.3,TRUE
S60_S0413,120.0,4.0,53.7,17.7,57.5,44.8,62.6,FALSE
A40_S0414,120.0,3.8,45.4,10.3,41.6,40.2,50.6,TRUE
S60_S0415,120.0,3.5,47.4,17.1,58.0,38.8,56.0,FALSE
S70_S0416,120.0,3.8,43.6,7.6,66.2,39.8,47.4,FALSE
A60_S0417,120.0,3.7,37.2,10.6,63.1,31.9,42.5,TRUE
A50_S0418,120.0,3.7,55.3,6.5,53.9,52.0,58.6,TRUE
A80_S0419,120.0,3.5,39.4,9.8,76.6,34.5,44.3,TRUE
A70_S0420,120.0,3.6,41.0,14.0,67.2,34.0,48.0,TRUE
S50_S0421,120.0,3.8,44.9,15.4,54.0,37.2,52.6,FALSE
A80_S0422,120.0,3.7,42.1,11.9,79.5,36.2,48.1,TRUE
S70_S0423,120.0,3.7,53.7,14.0,73.6,46.7,60.7,FALSE
A60_S0424,120.0,3.9,56.3,14.2,59.5,49.2,63.4,TRUE
S50_S0425,120.0,3.7,51.8,19.2,46.8,42.2,61.4,FALSE
S70_S0426,120.0,3.8,55.8,10.9,68.8,50.3,61.2,FALSE
A50_S0427,120.0,4.0,52.2,16.1,45.7,44.2,60.2,TRUE
S50_S0428,120.0,3.6,42.2,8.8,52.9,37.8,46.6,FALSE
S30_S0429,120.0,3.8,54.8,15.0,33.3,47.3,62.3,FALSE
S70_S0430,120.0,3.7,39.1,15.3,73.8,31.4,46.8,FALSE
S80_S0431,120.0,3.7,42.0,8.9,75.8,37.6,46.4,FALSE
A50_S0432,120.0,3.8,39.2,11.5,53.6,33.4,45.0,TRUE
S40_S0433,120.0,3.8,53.7,15.6,38.7,45.9,61.5,FALSE
A50_S0434,120.0,3.7,48.5,12.4,52.8,42.3,54.7,TRUE
S60_S0435,120.0,3.8,45.3,10.6,58.6,40.0,50.6,FALSE
A70_S0436,120.0,3.8,47.1,11.2,71.3,41.5,52.7,TRUE
S70_S0437,120.0,3.9,54.5,12.0,65.1,48.5,60.5,FALSE
S60_S0438,120.0,3.7,53.1,15.0,63.4,45.6,60.6,FALSE
S40_S0439,120.0,3.9,51.5,9.7,40.5,46.6,56.4,FALSE
A70_S0440,120.0,3.5,37.9,13.4,66.4,31.2,44.6,TRUE
S50_S0441,120.0,3.7,37.9,11.7,52.3,32.0,43.8,FALSE
A50_S0442,120.0,3.6,41.0,8.2,50.5,36.9,45.1,TRUE
S60_S0443,120.0,4.0,48.4,14.7,62.1,41.0,55.8,FALSE
S50_S0444,120.0,3.8,48.5,11.4,45.8,42.8,54.2,FALSE
A50_S0445,120.0,3.8,40.5,10.9,54.8,35.0,46.0,TRUE
S60_S0446,120.0,3.8,44.6,13.3,57.1,38.0,51.2,FALSE
S60_S0447,120.0,3.7,41.7,16.0,64.4,33.7,49.7,FALSE
S60_S0448,120.0,3.7,38.2,15.8,58.3,30.3,46.1,FALSE
S60_S0449,120.0,3.7,54.0,13.5,55.6,47.2,60.8,FALSE
S70_S0450,120.0,3.6,45.6,10.0,73.3,40.6,50.6,FALSE
S50_S0451,120.0,3.5,52.0,7.5,51.3,48.2,55.8,FALSE
S60_S0452,120.0,3.6,42.3,15.7,59.6,34.4,50.2,FALSE
S50_S0453,120.0,3.9,51.0,13.4,48.6,44.3,57.7,FALSE
S60_S0454,120.0,3.7,48.2,9.4,56.3,43.5,52.9,FALSE
A40_S0455,120.0,3.8,51.2,10.8,42.5,45.8,56.6,TRUE
S70_S0456,120.0,3.7,51.8,10.5,73.3,46.6,57.0,FALSE
A50_S0457,120.0,3.6,51.6,12.6,48.7,45.3,57.9,TRUE
S60_S0458,120.0,3.5,44.4,7.1,63.9,40.8,47.9,FALSE
S50_S0459,120.0,3.7,45.4,12.3,51.5,39.2,51.6,FALSE
S50_S0460,120.0,4.0,53.1,17.2,51.6,44.5,61.7,FALSE
S70_S0461,120.0,3.9,44.4,8.6,66.9,40.1,48.7,FALSE
S60_S0462,120.0,3.8,48.5,11.7,61.2,42.6,54.4,FALSE
A60_S0463,120.0,3.9,51.7,17.2,56.8,43.1,60.3,TRUE
S50_S0464,120.0,3.9,56.3,9.2,51.4,51.7,60.9,FALSE
A70_S0465,120.0,3.9,40.8,6.1,66.5,37.8,43.8,TRUE
S70_S0466,120.0,3.8,49.6,8.3,73.7,45.4,53.8,FALSE
A70_S0467,120.0,3.6,52.3,15.8,73.2,44.4,60.2,TRUE
S50_S0468,120.0,3.9,48.8,11.1,53.3,43.2,54.4,FALSE
A40_S0469,120.0,3.9,47.7,15.1,40.0,40.2,55.2,TRUE
S50_S0470,120.0,3.8,44.6,10.0,46.5,39.6,49.6,FALSE
A40_S0471,120.0,3.8,44.4,6.0,44.9,41.4,47.4,TRUE
A50_S0472,120.0,3.8,52.6,9.6,52.3,47.8,57.4,TRUE
A80_S0473,120.0,3.6,53.3,15.9,80.3,45.3,61.2,TRUE
S70_S0474,120.0,3.5,47.2,16.8,74.5,38.8,55.6,FALSE
S60_S0475,120.0,3.7,47.3,16.5,60.6,39.0,55.6,FALSE
A60_S0476,120.0,3.8,51.0,11.3,61.6,45.4,56.6,TRUE
S70_S0477,120.0,3.7,40.0,10.5,71.5,34.8,45.2,FALSE
A60_S0478,120.0,3.8,47.4,17.0,59.5,38.9,55.9,TRUE
A60_S0479,120.0,3.5,42.7,11.9,57.6,36.8,48.7,TRUE
S60_S0480,120.0,3.8,43.8,13.0,55.6,37.3,50.3,FALSE
S60_S0481,120.0,3.5,38.0,17.0,63.1,29.5,46.5,FALSE
A70_S0482,120.0,3.8,39.5,18.6,73.0,30.2,48.8,TRUE
A60_S0483,120.0,3.6,42.4,14.6,56.5,35.1,49.7,TRUE
S50_S0484,120.0,3.9,46.9,16.1,52.6,38.8,55.0,FALSE
S80_S0485,120.0,3.6,52.2,13.6,75.3,45.4,59.0,FALSE
A60_S0486,120.0,3.7,46.0,5.3,57.9,43.4,48.6,TRUE
S50_S0487,120.0,3.8,48.7,19.1,54.4,39.2,58.2,FALSE
A70_S0488,120.0,4.0,51.6,12.1,65.8,45.6,57.6,TRUE
S60_S0489,120.0,3.9,46.0,16.8,57.2,37.6,54.4,FALSE
S60_S0490,120.0,3.7,37.2,12.1,60.1,31.2,43.2,FALSE
A60_S0491,120.0,3.8,39.4,12.9,60.2,32.9,45.8,TRUE
S50_S0492,120.0,3.6,43.1,17.0,49.9,34.6,51.6,FALSE
S60_S0493,120.0,3.7,54.3,8.9,58.2,49.8,58.8,FALSE
S60_S0494,120.0,3.8,40.6,11.6,55.5,34.8,46.4,FALSE
S80_S0495,120.0,3.8,39.3,16.2,80.5,31.2,47.4,FALSE
A80_S0496,120.0,3.6,52.5,5.6,78.6,49.7,55.3,TRUE
A60_S0497,120.0,4.0,57.0,8.1,61.3,53.0,61.0,TRUE
S50_S0498,120.0,3.6,50.7,12.7,53.0,44.4,57.0,FALSE
S60_S0499,120.0,3.8,50.4,18.8,58.4,41.0,59.8,FALSE
S80_S0500,120.0,3.6,53.6,18.1,76.0,44.6,62.6,FALSE
A60_S0501,120.0,3.5,46.3,11.3,62.2,40.6,52.0,TRUE
S60_S0502,120.0,3.7,43.5,7.2,57.7,39.9,47.1,FALSE
S60_S0503,120.0,3.6,42.8,12.1,60.7,36.8,48.8,FALSE
S90_S0504,120.0,3.6,43.1,9.6,86.5,38.3,47.9,FALSE
S50_S0505,120.0,3.7,43.0,18.7,52.2,33.6,52.4,FALSE
A70_S0506,120.0,4.0,53.6,16.1,70.2,45.6,61.6,TRUE
A50_S0507,120.0,3.8,39.3,18.1,53.3,30.2,48.3,TRUE
A60_S0508,120.0,3.7,37.6,11.2,57.9,32.0,43.2,TRUE
A60_S0509,120.0,3.7,42.4,11.2,59.3,36.8,48.0,TRUE
S60_S0510,120.0,3.8,53.5,12.7,60.5,47.2,59.8,FALSE
S60_S0511,120.0,3.6,47.9,12.8,58.1,41.5,54.3,FALSE
S60_S0512,120.0,4.0,42.1,13.8,63.7,35.2,49.0,FALSE
S70_S0513,120.0,3.8,51.7,14.3,70.1,44.6,58.8,FALSE
S70_S0514,120.0,3.5,51.0,10.7,68.2,45.6,56.4,FALSE
S60_S0515,120.0,3.8,53.4,11.4,55.2,47.7,59.1,FALSE
S60_S0516,120.0,3.6,46.7,12.4,64.4,40.5,52.9,FALSE
A60_S0517,120.0,3.8,53.4,14.7,55.1,46.0,60.8,TRUE
A40_S0518,120.0,3.7,44.6,17.0,43.1,36.1,53.1,TRUE
S70_S0519,120.0,3.5,39.1,11.8,69.6,33.2,45.0,FALSE
S90_S0520,120.0,3.8,47.7,7.1,85.7,44.2,51.2,FALSE
S50_S0521,120.0,3.5,34.7,14.6,49.8,27.4,42.0,FALSE
S70_S0522,120.0,3.7,43.0,9.1,70.4,38.4,47.6,FALSE
A60_S0523,120.0,3.5,41.2,12.4,61.1,35.0,47.4,TRUE
S60_S0524,120.0,3.7,49.0,8.8,63.4,44.6,53.4,FALSE
S70_S0525,120.0,3.9,49.3,13.8,68.3,42.4,56.2,FALSE
S60_S0526,120.0,3.8,47.6,14.5,62.7,40.4,54.8,FALSE
S50_S0527,120.0,3.5,40.6,13.1,52.6,34.1,47.2,FALSE
A70_S0528,120.0,4.0,59.5,15.1,69.2,52.0,67.0,TRUE
S60_S0529,120.0,3.7,51.4,10.5,59.6,46.2,56.6,FALSE
S60_S0530,120.0,3.5,45.5,14.1,58.8,38.4,52.6,FALSE
S60_S0531,120.0,3.9,58.5,13.2,60.6,51.9,65.1,FALSE
S60_S0532,120.0,3.7,50.9,12.7,63.4,44.6,57.2,FALSE
S50_S0533,120.0,3.7,45.8,7.8,50.7,41.9,49.7,FALSE
S50_S0534,120.0,3.7,50.9,13.3,51.1,44.2,57.6,FALSE
S70_S0535,120.0,3.6,46.3,11.2,72.9,40.7,51.9,FALSE
A60_S0536,120.0,3.9,50.6,15.3,63.8,43.0,58.2,TRUE
S70_S0537,120.0,3.7,47.6,11.5,70.9,41.8,53.4,FALSE
A60_S0538,120.0,3.6,45.5,12.8,59.0,39.1,51.9,TRUE
S60_S0539,120.0,3.5,37.4,19.3,63.4,27.8,47.0,FALSE
S40_S0540,120.0,3.6,40.9,7.2,43.9,37.3,44.5,FALSE
A60_S0541,120.0,3.8,44.6,8.8,57.1,40.2,49.0,TRUE
S60_S0542,120.0,3.9,47.8,11.9,64.5,41.8,53.8,FALSE
A60_S0543,120.0,3.6,51.0,12.6,56.7,44.7,57.3,TRUE
S50_S0544,120.0,3.8,50.7,17.8,47.0,41.8,59.6,FALSE
S60_S0545,120.0,3.7,38.7,11.2,58.2,33.1,44.3,FALSE
S70_S0546,120.0,3.6,54.2,12.1,67.0,48.2,60.2,FALSE
S60_S0547,120.0,3.8,49.4,12.3,61.7,43.2,55.6,FALSE
S60_S0548,120.0,4.0,49.6,17.6,60.3,40.8,58.4,FALSE
A60_S0549,120.0,3.7,50.2,14.3,62.6,43.1,57.4,TRUE
S50_S0550,120.0,4.0,52.0,10.9,52.1,46.6,57.4,FALSE
S70_S0551,120.0,3.6,40.6,13.3,66.5,34.0,47.2,FALSE
S70_S0552,120.0,3.8,52.3,13.9,70.1,45.3,59.2,FALSE
S60_S0553,120.0,3.6,42.4,8.5,63.5,38.2,46.6,FALSE
A70_S0554,120.0,3.6,38.5,11.4,74.0,32.8,44.2,TRUE
A60_S0555,120.0,3.7,54.6,12.6,58.3,48.3,60.9,TRUE
S60_S0556,120.0,3.7,54.4,17.6,60.0,45.6,63.2,FALSE
S60_S0557,120.0,3.5,49.9,13.6,62.8,43.1,56.7,FALSE
S60_S0558,120.0,3.8,45.6,5.9,58.7,42.6,48.6,FALSE
S50_S0559,120.0,3.9,45.4,11.4,52.4,39.7,51.1,FALSE
A80_S0560,120.0,3.6,37.8,18.4,78.6,28.6,47.0,TRUE
S60_S0561,120.0,3.6,38.0,14.4,60.7,30.8,45.2,FALSE
S80_S0562,120.0,3.7,46.5,11.4,83.4,40.8,52.2,FALSE
S80_S0563,120.0,3.5,45.1,12.7,76.8,38.8,51.4,FALSE
S70_S0564,120.0,3.5,41.8,7.5,66.6,38.0,45.6,FALSE
S70_S0565,120.0,3.8,45.8,12.4,73.6,39.6,52.0,FALSE
A50_S0566,120.0,3.5,48.8,13.4,52.0,42.1,55.5,TRUE
S60_S0567,120.0,3.7,43.6,15.7,61.7,35.8,51.4,FALSE
S60_S0568,120.0,4.0,51.5,7.4,62.3,47.8,55.2,FALSE
A80_S0569,120.0,4.0,46.7,13.7,77.5,39.8,53.6,TRUE
S80_S0570,120.0,3.9,56.7,7.7,78.3,52.8,60.6,FALSE
S70_S0571,120.0,3.8,46.4,8.7,70.6,42.0,50.8,FALSE
S60_S0572,120.0,3.5,39.2,16.5,58.2,31.0,47.4,FALSE
A50_S0573,120.0,4.0,57.9,10.5,48.1,52.6,63.2,TRUE
A60_S0574,120.0,3.9,55.3,7.1,60.9,51.8,58.8,TRUE
S80_S0575,120.0,3.5,52.4,9.1,77.9,47.8,57.0,FALSE
S70_S0576,120.0,4.0,56.6,11.9,68.9,50.6,62.6,FALSE
S60_S0577,120.0,3.6,42.6,11.0,59.4,37.1,48.1,FALSE
A60_S0578,120.0,3.6,41.8,16.1,58.7,33.8,49.8,TRUE
A80_S0579,120.0,3.8,38.7,14.0,79.6,31.7,45.7,TRUE
A50_S0580,120.0,3.6,38.2,16.7,47.0,29.8,46.6,TRUE
A40_S0581,120.0,3.9,53.9,10.3,39.0,48.8,59.0,TRUE
S50_S0582,120.0,3.9,40.4,12.5,53.7,34.2,46.6,FALSE
S40_S0583,120.0,3.8,50.4,16.4,40.6,42.2,58.6,FALSE
A60_S0584,120.0,3.9,44.4,19.1,58.5,34.8,54.0,TRUE
S50_S0585,120.0,3.6,38.9,15.5,50.2,31.2,46.6,FALSE
A60_S0586,120.0,3.8,49.6,17.8,56.6,40.7,58.5,TRUE
S60_S0587,120.0,3.6,50.2,14.2,58.9,43.1,57.3,FALSE
S70_S0588,120.0,3.6,44.1,16.5,70.6,35.8,52.4,FALSE
S50_S0589,120.0,3.6,37.7,16.7,46.4,29.4,46.1,FALSE
S60_S0590,120.0,3.6,47.0,11.4,61.6,41.3,52.7,FALSE
S40_S0591,120.0,3.9,45.1,10.2,44.4,40.0,50.2,FALSE
A70_S0592,120.0,3.7,44.4,13.8,65.7,37.5,51.3,TRUE
S60_S0593,120.0,3.7,53.8,15.2,62.0,46.2,61.4,FALSE
A60_S0594,120.0,3.9,41.7,19.7,63.8,31.8,51.6,TRUE
S40_S0595,120.0,4.0,44.8,13.6,41.8,38.0,51.6,FALSE
A60_S0596,120.0,3.9,49.4,15.8,64.5,41.5,57.3,TRUE
S60_S0597,120.0,3.6,45.2,12.6,63.6,38.9,51.5,FALSE
A50_S0598,120.0,3.9,54.5,9.8,53.7,49.6,59.4,TRUE
S60_S0599,120.0,4.0,54.0,16.8,61.9,45.6,62.4,FALSE
S70_S0600,120.0,3.7,54.0,10.5,66.9,48.8,59.2,FALSE
A60_S0601,120.0,3.6,54.0,10.5,59.3,48.8,59.2,TRUE
S50_S0602,120.0,3.8,46.0,15.5,49.0,38.2,53.8,FALSE
S60_S0603,120.0,3.5,40.8,14.0,61.7,33.8,47.8,FALSE
A40_S0604,120.0,4.0,45.5,16.4,43.2,37.3,53.7,TRUE
A80_S0605,120.0,3.7,46.3,8.2,82.1,42.2,50.4,TRUE
S70_S0606,120.0,4.0,45.2,14.1,72.0,38.2,52.2,FALSE
S60_S0607,120.0,3.6,47.0,12.3,56.1,40.8,53.2,FALSE
S50_S0608,120.0,3.7,50.2,18.2,49.0,41.1,59.3,FALSE
S60_S0609,120.0,3.7,51.6,9.0,62.5,47.1,56.1,FALSE
S60_S0610,120.0,3.8,48.1,17.5,61.5,39.4,56.8,FALSE
S70_S0611,120.0,3.7,47.5,10.2,71.7,42.4,52.6,FALSE
A50_S0612,120.0,3.8,41.1,10.5,49.2,35.8,46.4,TRUE
S60_S0613,120.0,3.5,36.0,10.1,57.9,31.0,41.0,FALSE
A60_S0614,120.0,3.7,53.4,11.1,61.8,47.8,59.0,TRUE
S50_S0615,120.0,3.5,36.0,16.6,53.8,27.7,44.3,FALSE
A50_S0616,120.0,3.7,36.9,13.4,52.3,30.2,43.6,TRUE
A60_S0617,120.0,3.8,50.3,14.0,63.0,43.3,57.3,TRUE
A60_S0618,120.0,3.6,49.4,9.2,61.9,44.8,54.0,TRUE
S40_S0619,120.0,3.6,46.1,17.8,41.0,37.2,55.0,FALSE
A60_S0620,120.0,3.8,53.5,16.4,58.3,45.3,61.7,TRUE
S60_S0621,120.0,3.7,53.6,11.8,57.8,47.7,59.5,FALSE
S50_S0622,120.0,3.7,44.4,18.7,50.6,35.0,53.8,FALSE
A70_S0623,120.0,3.5,38.7,17.1,73.9,30.2,47.2,TRUE
A50_S0624,120.0,3.9,45.5,9.9,46.2,40.6,50.4,TRUE
S50_S0625,120.0,3.8,55.8,15.9,49.7,47.8,63.8,FALSE
A60_S0626,120.0,3.8,41.1,9.6,59.1,36.3,45.9,TRUE
S70_S0627,120.0,3.5,43.9,8.7,72.9,39.6,48.2,FALSE
S70_S0628,120.0,3.7,54.0,7.0,66.6,50.5,57.5,FALSE
S70_S0629,120.0,3.7,45.8,14.8,65.6,38.4,53.2,FALSE
A50_S0630,120.0,3.5,40.4,9.8,52.9,35.5,45.3,TRUE
S70_S0631,120.0,3.9,42.7,10.4,66.8,37.5,47.9,FALSE
S50_S0632,120.0,3.6,44.3,11.2,54.2,38.7,49.9,FALSE
S50_S0633,120.0,3.5,52.3,12.3,50.4,46.2,58.4,FALSE
S80_S0634,120.0,3.8,45.4,11.0,76.7,39.9,50.9,FALSE
S70_S0635,120.0,3.7,42.3,11.0,70.6,36.8,47.8,FALSE
S70_S0636,120.0,3.8,38.3,12.9,65.4,31.8,44.8,FALSE
A50_S0637,120.0,3.9,43.6,14.5,54.4,36.4,50.8,TRUE
S50_S0638,120.0,3.5,42.8,7.7,54.5,38.9,46.6,FALSE
S50_S0639,120.0,3.7,48.8,8.4,50.5,44.6,53.0,FALSE
A60_S0640,120.0,3.6,37.2,6.4,61.1,34.0,40.4,TRUE
S60_S0641,120.0,3.9,41.5,5.0,59.8,39.0,44.0,FALSE
S60_S0642,120.0,3.6,45.3,9.5,64.7,40.6,50.0,FALSE
S60_S0643,120.0,3.6,50.7,12.8,58.8,44.3,57.1,FALSE
A50_S0644,120.0,3.9,55.0,17.7,54.8,46.2,63.8,TRUE
A70_S0645,120.0,3.9,52.4,9.1,71.7,47.8,57.0,TRUE
A40_S0646,120.0,3.6,54.0,7.3,44.3,50.4,57.6,TRUE
S60_S0647,120.0,3.7,41.2,11.1,55.2,35.7,46.8,FALSE
S50_S0648,120.0,3.9,58.0,15.6,49.7,50.2,65.8,FALSE
S50_S0649,120.0,3.5,47.2,11.0,50.9,41.7,52.7,FALSE
S60_S0650,120.0,3.8,53.9,9.1,63.3,49.4,58.4,FALSE
S60_S0651,120.0,3.5,50.1,18.9,59.5,40.7,59.6,FALSE
A70_S0652,120.0,3.6,46.7,12.0,69.3,40.7,52.7,TRUE
S70_S0653,120.0,3.7,38.2,9.9,69.8,33.2,43.2,FALSE
S60_S0654,120.0,3.8,49.0,10.7,55.4,43.6,54.4,FALSE
S60_S0655,120.0,3.8,40.3,13.3,64.2,33.6,46.9,FALSE
S60_S0656,120.0,3.6,50.6,7.9,64.1,46.6,54.6,FALSE
S70_S0657,120.0,3.7,40.0,14.6,66.2,32.7,47.3,FALSE
A60_S0658,120.0,3.9,45.6,13.7,61.6,38.8,52.4,TRUE
S50_S0659,120.0,3.7,41.0,9.4,47.2,36.3,45.7,FALSE
S60_S0660,120.0,4.0,50.6,5.3,60.8,48.0,53.2,FALSE
A70_S0661,120.0,4.0,52.6,7.5,69.3,48.8,56.4,TRUE
S80_S0662,120.0,3.9,53.9,9.5,75.0,49.2,58.6,FALSE
A50_S0663,120.0,3.7,39.2,10.2,50.2,34.1,44.3,TRUE
S60_S0664,120.0,3.8,45.9,8.4,55.8,41.7,50.1,FALSE
S50_S0665,120.0,3.7,48.8,12.8,48.0,42.4,55.2,FALSE
S60_S0666,120.0,4.0,55.1,8.9,59.8,50.6,59.6,FALSE
S60_S0667,120.0,3.8,42.6,12.3,60.2,36.4,48.8,FALSE
S70_S0668,120.0,3.8,40.5,9.5,66.1,35.8,45.2,FALSE
A60_S0669,120.0,3.9,44.0,12.5,64.4,37.8,50.2,TRUE
A50_S0670,120.0,3.9,43.8,17.5,53.4,35.0,52.6,TRUE
S50_S0671,120.0,3.8,44.1,15.9,52.7,36.2,52.0,FALSE
A60_S0672,120.0,3.8,56.8,15.6,57.3,49.0,64.6,TRUE
A70_S0673,120.0,3.7,37.0,7.1,74.8,33.4,40.6,TRUE
S50_S0674,120.0,3.7,54.2,11.9,48.0,48.2,60.2,FALSE
A70_S0675,120.0,3.8,38.4,15.3,72.8,30.8,46.0,TRUE
A70_S0676,120.0,3.9,50.8,14.5,70.8,43.6,58.0,TRUE
S60_S0677,120.0,3.9,57.1,14.8,58.9,49.7,64.5,FALSE
S50_S0678,120.0,3.6,48.8,9.3,49.2,44.2,53.4,FALSE
A80_S0679,120.0,3.5,50.4,15.2,76.2,42.8,58.0,TRUE
S50_S0680,120.0,3.8,42.7,9.5,51.0,38.0,47.4,FALSE
S50_S0681,120.0,3.7,38.9,14.2,45.2,31.8,46.0,FALSE
S60_S0682,120.0,3.9,47.0,14.8,64.0,39.6,54.4,FALSE
S50_S0683,120.0,3.8,57.3,19.6,48.2,47.5,67.1,FALSE
S50_S0684,120.0,3.8,46.1,7.6,51.3,42.3,49.9,FALSE
S60_S0685,120.0,3.9,44.2,11.0,64.6,38.7,49.7,FALSE
S50_S0686,120.0,3.7,51.1,19.1,50.0,41.6,60.6,FALSE
A60_S0687,120.0,3.7,42.1,12.0,59.2,36.1,48.1,TRUE
A60_S0688,120.0,3.5,36.0,17.7,62.3,27.2,44.8,TRUE
A70_S0689,120.0,3.9,57.3,17.9,67.0,48.3,66.2,TRUE
S40_S0690,120.0,3.7,42.8,13.6,43.7,36.0,49.6,FALSE
A70_S0691,120.0,3.8,55.1,11.1,71.9,49.6,60.6,TRUE
S70_S0692,120.0,3.6,35.8,17.4,72.7,27.1,44.5,FALSE
S40_S0693,120.0,3.8,44.8,12.7,38.3,38.4,51.2,FALSE
S50_S0694,120.0,3.9,56.5,12.7,53.3,50.2,62.8,FALSE
S60_S0695,120.0,3.8,41.5,13.8,57.6,34.6,48.4,FALSE
A60_S0696,120.0,3.8,46.4,15.8,60.3,38.5,54.3,TRUE
S70_S0697,120.0,3.6,44.8,6.3,65.9,41.6,47.9,FALSE
S60_S0698,120.0,3.8,57.7,13.2,55.0,51.1,64.3,FALSE
A70_S0699,120.0,4.0,53.2,10.2,73.0,48.1,58.3,TRUE
S60_S0700,120.0,3.7,47.3,9.2,57.2,42.7,51.9,FALSE
S60_S0701,120.0,3.7,53.7,10.6,58.4,48.4,59.0,FALSE
A50_S0702,120.0,3.6,48.4,15.3,46.8,40.8,56.0,TRUE
S50_S0703,120.0,3.6,41.1,15.2,54.6,33.5,48.7,FALSE
S60_S0704,120.0,3.9,56.0,16.1,62.6,48.0,64.0,FALSE
S80_S0705,120.0,3.8,44.4,11.9,79.9,38.4,50.4,FALSE
S50_S0706,120.0,3.8,54.4,5.0,46.0,51.9,56.9,FALSE
S60_S0707,120.0,3.7,45.3,16.2,58.3,37.2,53.4,FALSE
A60_S0708,120.0,3.6,42.5,14.4,59.2,35.3,49.7,TRUE
S60_S0709,120.0,3.6,50.6,16.0,59.0,42.6,58.6,FALSE
A70_S0710,120.0,3.8,42.6,12.7,74.4,36.2,49.0,TRUE
S60_S0711,120.0,3.5,41.5,16.1,63.5,33.4,49.6,FALSE
S50_S0712,120.0,3.8,49.4,7.6,47.6,45.6,53.2,FALSE
A70_S0713,120.0,3.9,49.1,9.3,68.5,44.4,53.8,TRUE
A50_S0714,120.0,3.6,40.7,8.2,52.2,36.6,44.8,TRUE
A60_S0715,120.0,3.7,38.6,5.7,58.4,35.8,41.4,TRUE
A60_S0716,120.0,3.9,57.9,20.0,61.4,47.9,67.9,TRUE
A60_S0717,120.0,3.8,46.4,9.7,63.8,41.6,51.2,TRUE
S70_S0718,120.0,3.6,49.3,10.2,65.4,44.2,54.4,FALSE
S60_S0719,120.0,3.5,51.5,12.5,56.3,45.2,57.8,FALSE
A50_S0720,120.0,3.7,38.8,10.5,54.2,33.6,44.0,TRUE
A70_S0721,120.0,3.8,52.6,13.1,68.6,46.1,59.2,TRUE
S70_S0722,120.0,3.5,45.3,11.2,73.1,39.7,50.9,FALSE
S60_S0723,120.0,3.9,54.4,11.5,59.4,48.6,60.2,FALSE
S60_S0724,120.0,3.7,52.3,11.4,59.3,46.6,58.0,FALSE
S50_S0725,120.0,3.8,44.4,14.0,53.9,37.4,51.4,FALSE
A80_S0726,120.0,3.7,50.3,12.3,79.7,44.2,56.4,TRUE
S70_S0727,120.0,3.7,48.5,11.5,71.5,42.8,54.2,FALSE
S70_S0728,120.0,3.5,42.2,14.9,67.9,34.8,49.7,FALSE
A70_S0729,120.0,3.9,40.3,11.3,72.4,34.6,45.9,TRUE
S60_S0730,120.0,3.9,41.5,9.7,61.4,36.6,46.4,FALSE
A70_S0731,120.0,3.8,57.0,13.4,72.6,50.3,63.7,TRUE
S50_S0732,120.0,3.6,41.0,14.8,46.9,33.6,48.4,FALSE
S50_S0733,120.0,3.7,51.4,13.2,53.7,44.8,58.0,FALSE
S40_S0734,120.0,3.6,46.9,14.3,38.2,39.8,54.0,FALSE
S70_S0735,120.0,3.6,52.5,15.5,72.7,44.8,60.2,FALSE
S50_S0736,120.0,3.8,51.2,11.9,49.4,45.2,57.2,FALSE
A60_S0737,120.0,3.9,39.9,14.1,65.0,32.8,46.9,TRUE
S70_S0738,120.0,3.7,39.3,7.7,67.8,35.4,43.2,FALSE
A60_S0739,120.0,4.0,46.9,12.4,64.9,40.7,53.1,TRUE
S60_S0740,120.0,3.8,45.2,20.0,57.5,35.2,55.2,FALSE
S70_S0741,120.0,3.9,40.1,15.7,71.9,32.2,48.0,FALSE
S70_S0742,120.0,3.7,45.1,14.4,67.3,37.9,52.3,FALSE
S70_S0743,120.0,3.8,51.2,11.5,74.9,45.4,57.0,FALSE
A60_S0744,120.0,3.8,44.7,14.4,58.0,37.5,51.9,TRUE
A40_S0745,120.0,3.6,53.2,18.0,41.8,44.2,62.2,TRUE
S50_S0746,120.0,3.7,52.7,9.9,54.9,47.8,57.6,FALSE
S40_S0747,120.0,3.6,43.8,8.2,44.5,39.7,47.9,FALSE
A70_S0748,120.0,3.6,50.5,13.4,69.2,43.8,57.2,TRUE
A80_S0749,120.0,3.8,41.5,9.6,75.4,36.7,46.3,TRUE
S60_S0750,120.0,3.7,53.5,10.8,57.0,48.1,58.9,FALSE
S60_S0751,120.0,3.6,40.0,11.3,63.9,34.4,45.6,FALSE
A60_S0752,120.0,3.7,45.1,11.1,59.2,39.6,50.6,TRUE
S60_S0753,120.0,3.6,36.0,6.9,62.7,32.6,39.4,FALSE
S60_S0754,120.0,3.8,46.6,14.0,57.3,39.6,53.6,FALSE
S50_S0755,120.0,3.9,41.4,18.3,49.3,32.2,50.6,FALSE
S60_S0756,120.0,3.8,53.4,14.0,61.9,46.4,60.4,FALSE
A50_S0757,120.0,3.5,42.9,8.5,53.4,38.6,47.2,TRUE
S90_S0758,120.0,3.7,51.2,14.4,86.7,44.0,58.4,FALSE
S60_S0759,120.0,4.0,54.6,10.6,62.7,49.3,59.9,FALSE
A60_S0760,120.0,3.6,40.0,12.4,64.3,33.8,46.2,TRUE
A70_S0761,120.0,3.5,51.6,16.9,71.3,43.2,60.0,TRUE
A70_S0762,120.0,3.6,48.6,12.4,70.0,42.4,54.8,TRUE
S80_S0763,120.0,3.5,50.6,13.5,84.2,43.8,57.4,FALSE
S40_S0764,120.0,4.0,41.7,11.8,44.0,35.8,47.6,FALSE
A50_S0765,120.0,4.0,45.3,11.0,54.2,39.8,50.8,TRUE
S40_S0766,120.0,3.7,36.4,18.6,41.0,27.1,45.7,FALSE
S50_S0767,120.0,3.9,48.2,14.3,54.8,41.1,55.4,FALSE
S70_S0768,120.0,3.9,56.4,14.6,67.5,49.1,63.7,FALSE
S60_S0769,120.0,3.7,43.4,14.7,56.4,36.0,50.8,FALSE
A50_S0770,120.0,3.7,49.3,7.3,51.1,45.6,53.0,TRUE
S70_S0771,120.0,3.9,55.4,13.6,67.8,48.6,62.2,FALSE
A40_S0772,120.0,3.6,42.9,14.7,41.4,35.6,50.2,TRUE
S60_S0773,120.0,3.7,53.8,8.5,64.2,49.6,58.0,FALSE
A70_S0774,120.0,3.9,42.2,13.4,65.5,35.5,48.9,TRUE
S50_S0775,120.0,3.6,40.4,12.6,52.1,34.1,46.7,FALSE
S60_S0776,120.0,3.6,44.4,14.8,59.6,37.0,51.8,FALSE
S60_S0777,120.0,3.6,48.8,18.1,57.1,39.8,57.8,FALSE
S50_S0778,120.0,3.7,52.2,10.1,51.2,47.2,57.2,FALSE
S70_S0779,120.0,3.6,47.8,9.0,70.3,43.3,52.3,FALSE
S50_S0780,120.0,3.5,46.2,10.3,52.8,41.1,51.4,FALSE
S80_S0781,120.0,4.0,51.2,14.5,81.2,44.0,58.4,FALSE
A60_S0782,120.0,3.9,58.9,13.5,60.4,52.2,65.6,TRUE
A60_S0783,120.0,3.6,50.9,11.9,64.0,44.9,56.8,TRUE
A50_S0784,120.0,4.0,55.2,14.2,53.0,48.1,62.3,TRUE
A80_S0785,120.0,3.9,56.2,9.5,75.7,51.4,61.0,TRUE
A70_S0786,120.0,3.5,44.3,10.2,65.3,39.2,49.4,TRUE
S60_S0787,120.0,3.6,39.7,11.4,64.8,34.0,45.4,FALSE
S70_S0788,120.0,3.6,40.8,10.3,69.5,35.6,45.9,FALSE
A60_S0789,120.0,3.7,41.8,14.8,55.6,34.4,49.2,TRUE
S60_S0790,120.0,3.6,54.2,16.0,56.6,46.2,62.2,FALSE
S50_S0791,120.0,3.6,52.7,14.4,52.7,45.5,59.9,FALSE
S50_S0792,120.0,3.6,42.7,15.7,52.5,34.8,50.6,FALSE
S50_S0793,120.0,3.7,48.8,14.1,54.7,41.8,55.8,FALSE
S70_S0794,120.0,3.9,39.8,11.6,69.1,34.0,45.6,FALSE
A60_S0795,120.0,3.7,53.1,9.0,60.1,48.6,57.6,TRUE
A70_S0796,120.0,3.6,43.4,11.9,65.8,37.4,49.4,TRUE
S60_S0797,120.0,3.9,40.7,14.7,65.0,33.4,48.1,FALSE
A60_S0798,120.0,3.6,47.9,10.7,64.1,42.6,53.2,TRUE
S40_S0799,120.0,3.9,43.1,9.0,39.3,38.6,47.6,FALSE
A70_S0800,120.0,4.0,58.0,12.5,69.4,51.8,64.2,TRUE
A60_S0801,120.0,3.6,37.3,17.9,57.9,28.4,46.2,TRUE
A60_S0802,120.0,3.5,37.3,14.6,57.5,30.0,44.6,TRUE
A70_S0803,120.0,3.6,46.3,14.2,67.7,39.2,53.4,TRUE
S60_S0804,120.0,3.6,49.3,9.7,56.9,44.4,54.2,FALSE
S50_S0805,120.0,3.6,46.1,13.3,48.3,39.4,52.8,FALSE
S40_S0806,120.0,3.7,49.5,13.9,43.2,42.6,56.4,FALSE
S70_S0807,120.0,3.6,44.0,6.0,67.5,41.0,47.0,FALSE
A60_S0808,120.0,4.0,54.5,18.4,59.7,45.3,63.7,TRUE
S70_S0809,120.0,3.9,40.4,17.0,65.2,31.9,48.9,FALSE
A60_S0810,120.0,4.0,57.2,10.1,55.1,52.2,62.2,TRUE
S70_S0811,120.0,3.7,37.5,12.7,67.8,31.2,43.8,FALSE
S50_S0812,120.0,3.6,47.9,11.1,51.6,42.4,53.4,FALSE
A50_S0813,120.0,3.5,49.3,7.3,46.0,45.6,53.0,TRUE
S70_S0814,120.0,3.6,37.2,6.4,65.5,34.0,40.4,FALSE
S80_S0815,120.0,3.7,42.4,9.8,75.6,37.5,47.3,FALSE
A60_S0816,120.0,3.6,54.1,7.4,55.4,50.4,57.8,TRUE
S50_S0817,120.0,3.7,53.4,12.3,51.9,47.2,59.6,FALSE
S50_S0818,120.0,3.9,42.6,13.4,51.6,35.9,49.3,FALSE
S50_S0819,120.0,3.9,57.2,15.0,54.7,49.7,64.7,FALSE
A70_S0820,120.0,3.9,57.5,17.7,74.9,48.6,66.4,TRUE
S80_S0821,120.0,3.5,37.0,15.2,79.1,29.4,44.6,FALSE
S60_S0822,120.0,3.6,40.1,12.6,62.7,33.8,46.4,FALSE
S60_S0823,120.0,3.6,45.8,14.1,63.5,38.8,52.8,FALSE
S60_S0824,120.0,3.6,44.1,15.6,61.0,36.3,51.9,FALSE
S40_S0825,120.0,3.5,36.1,11.2,43.4,30.5,41.7,FALSE
S40_S0826,120.0,3.8,56.5,11.6,44.8,50.7,62.3,FALSE
S80_S0827,120.0,4.0,54.9,11.1,75.1,49.4,60.4,FALSE
S50_S0828,120.0,3.8,43.7,15.3,54.3,36.1,51.4,FALSE
S60_S0829,120.0,3.7,48.9,7.4,62.2,45.2,52.6,FALSE
S60_S0830,120.0,3.9,42.4,11.3,62.1,36.8,48.0,FALSE
S60_S0831,120.0,3.9,42.3,11.0,62.5,36.8,47.8,FALSE
S60_S0832,120.0,3.5,46.2,13.8,56.8,39.3,53.1,FALSE
A30_S0833,120.0,3.9,52.2,12.2,31.1,46.1,58.3,TRUE
S70_S0834,120.0,3.9,55.8,11.5,73.5,50.0,61.6,FALSE
S70_S0835,120.0,3.8,52.6,16.1,71.2,44.6,60.6,FALSE
S60_S0836,120.0,3.6,38.4,11.6,62.0,32.6,44.2,FALSE
A60_S0837,120.0,3.5,50.3,8.2,60.9,46.2,54.4,TRUE
S50_S0838,120.0,3.6,45.7,16.3,52.1,37.6,53.8,FALSE
A70_S0839,120.0,3.9,41.7,11.9,68.4,35.8,47.7,TRUE
S70_S0840,120.0,4.0,56.2,7.3,68.4,52.6,59.8,FALSE
S80_S0841,120.0,3.7,50.3,16.6,75.5,42.0,58.6,FALSE
S60_S0842,120.0,3.9,43.2,7.3,61.9,39.6,46.8,FALSE
S60_S0843,120.0,3.9,50.1,9.3,64.5,45.4,54.8,FALSE
S60_S0844,120.0,3.8,43.0,11.7,58.0,37.2,48.8,FALSE
S70_S0845,120.0,3.5,47.2,9.2,74.6,42.6,51.8,FALSE
S40_S0846,120.0,3.9,41.3,18.1,43.6,32.2,50.3,FALSE
S50_S0847,120.0,3.7,47.9,6.3,54.5,44.8,51.0,FALSE
S50_S0848,120.0,3.6,49.1,16.1,54.6,41.0,57.2,FALSE
S50_S0849,120.0,3.8,41.0,11.9,47.3,35.0,47.0,FALSE
S70_S0850,120.0,3.6,40.5,10.2,67.4,35.4,45.6,FALSE
S70_S0851,120.0,4.0,53.2,12.8,66.5,46.8,59.6,FALSE
A60_S0852,120.0,3.9,51.7,8.4,60.2,47.5,55.9,TRUE
A70_S0853,120.0,3.9,43.1,12.0,72.0,37.1,49.1,TRUE
S60_S0854,120.0,3.8,51.4,7.7,56.4,47.6,55.2,FALSE
A60_S0855,120.0,3.9,46.1,10.4,57.5,40.9,51.3,TRUE
S60_S0856,120.0,4.0,42.0,20.0,57.6,32.0,52.0,FALSE
S30_S0857,120.0,3.9,40.2,12.1,34.4,34.2,46.2,FALSE
S70_S0858,120.0,3.6,49.0,9.5,66.1,44.2,53.8,FALSE
A50_S0859,120.0,3.8,39.1,12.4,45.2,32.9,45.3,TRUE
S60_S0860,120.0,3.7,53.6,11.9,55.9,47.6,59.6,FALSE
S70_S0861,120.0,3.6,50.7,16.8,74.7,42.3,59.1,FALSE
S70_S0862,120.0,3.8,49.0,8.9,65.9,44.6,53.4,FALSE
S60_S0863,120.0,3.7,46.9,8.6,63.6,42.6,51.2,FALSE
S60_S0864,120.0,3.6,40.9,8.5,61.5,36.6,45.2,FALSE
S70_S0865,120.0,3.5,36.8,17.2,66.7,28.2,45.4,FALSE
A50_S0866,120.0,3.6,38.0,10.8,50.8,32.6,43.4,TRUE
A60_S0867,120.0,3.6,49.9,12.3,55.5,43.8,56.0,TRUE
S70_S0868,120.0,3.8,40.4,13.0,70.0,33.9,46.9,FALSE
A70_S0869,120.0,3.6,49.4,14.7,68.8,42.0,56.8,TRUE
S50_S0870,120.0,3.7,36.3,12.1,50.7,30.2,42.3,FALSE
A60_S0871,120.0,3.9,56.6,10.7,56.7,51.2,62.0,TRUE
A60_S0872,120.0,4.0,45.8,13.7,55.2,38.9,52.6,TRUE
A60_S0873,120.0,3.5,51.9,11.7,62.3,46.0,57.8,TRUE
S60_S0874,120.0,3.7,54.9,9.7,63.2,50.0,59.8,FALSE
S70_S0875,120.0,3.8,39.3,6.2,71.0,36.2,42.4,FALSE
S70_S0876,120.0,3.8,52.5,9.5,70.4,47.8,57.2,FALSE
S80_S0877,120.0,3.6,47.9,19.2,78.9,38.3,57.5,FALSE
S70_S0878,120.0,3.9,41.0,17.0,70.9,32.5,49.5,FALSE
S60_S0879,120.0,3.6,35.4,16.6,60.0,27.1,43.7,FALSE
A50_S0880,120.0,3.7,45.9,14.8,47.4,38.5,53.3,TRUE
A70_S0881,120.0,3.5,51.0,13.8,70.1,44.1,57.9,TRUE
A60_S0882,120.0,3.8,43.7,9.1,59.5,39.2,48.2,TRUE
S40_S0883,120.0,3.8,54.7,12.5,43.0,48.4,61.0,FALSE
S70_S0884,120.0,3.7,56.1,9.6,74.2,51.3,60.9,FALSE
S50_S0885,120.0,4.0,50.5,8.1,49.1,46.4,54.6,FALSE
S40_S0886,120.0,4.0,52.8,10.4,44.0,47.6,58.0,FALSE
A50_S0887,120.0,3.9,41.9,10.7,51.7,36.6,47.2,TRUE
S70_S0888,120.0,3.7,40.1,16.2,66.1,32.0,48.2,FALSE
A60_S0889,120.0,3.5,36.2,13.5,56.9,29.4,43.0,TRUE
A60_S0890,120.0,3.6,40.9,15.8,64.0,33.0,48.8,TRUE
S50_S0891,120.0,3.6,47.7,10.3,50.7,42.6,52.8,FALSE
A60_S0892,120.0,3.7,40.4,7.3,62.1,36.8,44.0,TRUE
S50_S0893,120.0,3.8,56.1,17.2,52.7,47.5,64.7,FALSE
S70_S0894,120.0,3.6,45.7,14.2,65.4,38.6,52.8,FALSE
A50_S0895,120.0,3.8,55.9,8.8,53.6,51.5,60.3,TRUE
A70_S0896,120.0,3.9,43.8,15.4,73.1,36.1,51.5,TRUE
S80_S0897,120.0,3.7,50.1,15.0,75.3,42.6,57.6,FALSE
S50_S0898,120.0,3.5,40.8,11.8,48.3,34.9,46.7,FALSE
S60_S0899,120.0,4.0,48.6,7.1,55.4,45.1,52.2,FALSE
S50_S0900,120.0,3.7,39.1,16.0,46.7,31.1,47.1,FALSE
S40_S0901,120.0,3.7,52.5,16.8,36.0,44.1,60.9,FALSE
S70_S0902,120.0,3.6,36.9,11.6,68.7,31.1,42.7,FALSE
S50_S0903,120.0,3.8,38.3,12.8,47.8,31.9,44.7,FALSE
A40_S0904,120.0,3.7,51.7,7.0,42.4,48.2,55.2,TRUE
S70_S0905,120.0,3.8,55.8,10.7,71.6,50.4,61.2,FALSE
S50_S0906,120.0,3.7,50.9,7.0,52.2,47.4,54.4,FALSE
S70_S0907,120.0,3.9,42.3,11.3,72.3,36.6,47.9,FALSE
S40_S0908,120.0,3.8,50.9,18.3,42.3,41.8,60.0,FALSE
S60_S0909,120.0,3.8,52.3,10.7,65.0,46.9,57.6,FALSE
A70_S0910,120.0,3.7,49.2,9.6,66.2,44.4,54.0,TRUE
A50_S0911,120.0,3.6,42.3,13.2,53.1,35.7,48.9,TRUE
S60_S0912,120.0,3.9,47.5,11.3,55.7,41.8,53.2,FALSE
S60_S0913,120.0,3.9,39.8,13.3,64.1,33.2,46.4,FALSE
A50_S0914,120.0,3.9,48.5,15.1,54.4,41.0,56.0,TRUE
S50_S0915,120.0,3.7,51.6,7.7,51.4,47.8,55.4,FALSE
S70_S0916,120.0,3.6,38.2,13.6,71.5,31.4,45.0,FALSE
S50_S0917,120.0,3.8,53.6,14.4,47.6,46.4,60.8,FALSE
A60_S0918,120.0,3.5,39.5,18.6,56.0,30.2,48.8,TRUE
S60_S0919,120.0,3.5,35.5,14.5,59.7,28.2,42.8,FALSE
A80_S0920,120.0,3.8,43.6,16.5,78.1,35.4,51.8,TRUE
S80_S0921,120.0,3.8,40.3,15.3,75.1,32.6,47.9,FALSE
S70_S0922,120.0,3.6,48.6,5.0,73.7,46.1,51.1,FALSE
S70_S0923,120.0,3.8,47.8,11.8,71.1,41.9,53.7,FALSE
S50_S0924,120.0,3.7,53.2,14.0,50.2,46.2,60.2,FALSE
S80_S0925,120.0,3.7,36.8,8.9,76.0,32.3,41.2,FALSE
A70_S0926,120.0,3.9,43.7,13.7,69.9,36.8,50.6,TRUE
S60_S0927,120.0,3.9,55.0,12.1,62.9,49.0,61.0,FALSE
S60_S0928,120.0,3.5,45.3,14.8,64.7,37.9,52.7,FALSE
S70_S0929,120.0,3.9,44.4,14.3,69.9,37.2,51.6,FALSE
S50_S0930,120.0,3.8,53.8,11.9,45.5,47.8,59.8,FALSE
A60_S0931,120.0,3.6,41.7,14.0,58.1,34.7,48.7,TRUE
S70_S0932,120.0,3.8,39.5,13.5,72.5,32.8,46.2,FALSE
A50_S0933,120.0,3.6,48.6,11.7,53.9,42.8,54.4,TRUE
A60_S0934,120.0,3.9,54.4,7.4,64.6,50.7,58.1,TRUE
S50_S0935,120.0,3.9,53.0,13.3,51.8,46.4,59.6,FALSE
S60_S0936,120.0,3.9,41.9,17.9,61.5,33.0,50.8,FALSE
S70_S0937,120.0,3.7,49.8,9.5,67.5,45.0,54.6,FALSE
S80_S0938,120.0,3.6,43.1,16.3,81.1,35.0,51.2,FALSE
S70_S0939,120.0,3.5,37.1,15.4,66.8,29.4,44.8,FALSE
S80_S0940,120.0,3.9,48.5,5.8,77.1,45.6,51.4,FALSE
A50_S0941,120.0,3.7,42.4,13.7,47.9,35.6,49.2,TRUE
S70_S0942,120.0,3.7,40.7,18.9,68.9,31.3,50.2,FALSE
S70_S0943,120.0,3.6,45.0,15.2,65.1,37.4,52.6,FALSE
S40_S0944,120.0,3.9,52.7,10.0,42.1,47.7,57.7,FALSE
A60_S0945,120.0,3.9,53.1,14.6,59.0,45.8,60.4,TRUE
S80_S0946,120.0,3.8,45.8,12.0,83.9,39.8,51.8,FALSE
A70_S0947,120.0,3.9,49.9,14.2,71.2,42.8,57.0,TRUE
S60_S0948,120.0,3.6,43.0,19.5,63.3,33.2,52.8,FALSE
A60_S0949,120.0,3.7,45.3,12.5,55.3,39.0,51.6,TRUE
S50_S0950,120.0,3.9,49.8,9.6,50.1,45.0,54.6,FALSE
S60_S0951,120.0,4.0,56.6,10.2,56.8,51.5,61.7,FALSE
S70_S0952,120.0,3.8,51.3,14.1,69.0,44.2,58.4,FALSE
A70_S0953,120.0,3.9,48.8,14.9,65.4,41.3,56.2,TRUE
S60_S0954,120.0,3.9,51.3,15.2,58.2,43.7,58.9,FALSE
S60_S0955,120.0,3.8,51.1,7.5,60.7,47.4,54.8,FALSE
S60_S0956,120.0,3.7,47.7,13.6,55.0,40.9,54.5,FALSE
A70_S0957,120.0,3.8,39.3,13.3,65.9,32.6,45.9,TRUE
S50_S0958,120.0,3.6,50.0,13.4,51.5,43.3,56.7,FALSE
A50_S0959,120.0,3.8,39.8,10.7,53.0,34.4,45.2,TRUE
A50_S0960,120.0,3.7,40.2,18.2,52.3,31.1,49.3,TRUE
S40_S0961,120.0,3.9,57.0,8.3,39.1,52.8,61.2,FALSE
A70_S0962,120.0,3.9,55.4,9.0,66.3,50.9,59.9,TRUE
S50_S0963,120.0,3.5,40.8,13.8,45.8,33.9,47.7,FALSE
S50_S0964,120.0,3.9,45.3,5.4,54.5,42.6,48.0,FALSE
A60_S0965,120.0,3.9,48.1,12.8,60.4,41.7,54.5,TRUE
S60_S0966,120.0,3.7,56.0,12.8,55.6,49.6,62.4,FALSE
S60_S0967,120.0,3.8,50.8,13.9,64.4,43.8,57.8,FALSE
S30_S0968,120.0,3.6,53.2,13.8,33.5,46.3,60.1,FALSE
S70_S0969,120.0,3.6,42.6,7.4,69.5,38.9,46.3,FALSE
S40_S0970,120.0,3.7,39.1,15.0,44.7,31.6,46.6,FALSE
S60_S0971,120.0,3.9,44.1,7.8,55.3,40.2,48.0,FALSE
A50_S0972,120.0,4.0,56.3,14.6,52.9,49.0,63.6,TRUE
A60_S0973,120.0,3.9,42.6,9.4,56.5,37.9,47.3,TRUE
A60_S0974,120.0,3.8,41.3,12.3,60.2,35.2,47.4,TRUE
A70_S0975,120.0,3.8,56.8,6.6,70.8,53.5,60.1,TRUE
S70_S0976,120.0,3.7,51.3,11.9,67.4,45.3,57.2,FALSE
A80_S0977,120.0,3.9,39.9,13.5,81.6,33.2,46.6,TRUE
A40_S0978,120.0,4.0,53.7,8.9,44.1,49.2,58.2,TRUE
S50_S0979,120.0,3.8,53.3,8.7,45.4,48.9,57.6,FALSE
A60_S0980,120.0,3.9,54.0,12.3,57.8,47.8,60.2,TRUE
S60_S0981,120.0,3.9,44.7,7.3,58.1,41.1,48.4,FALSE
S60_S0982,120.0,3.8,39.7,10.7,64.7,34.4,45.1,FALSE
S60_S0983,120.0,3.6,52.8,13.4,63.7,46.1,59.5,FALSE
S70_S0984,120.0,3.8,54.0,15.1,70.7,46.4,61.6,FALSE
A70_S0985,120.0,3.9,43.1,16.2,69.8,35.0,51.2,TRUE
A60_S0986,120.0,3.7,48.7,12.4,57.8,42.5,54.9,TRUE
S60_S0987,120.0,3.8,50.8,15.2,56.6,43.2,58.4,FALSE
S70_S0988,120.0,4.0,58.6,15.7,66.4,50.8,66.4,FALSE
S50_S0989,120.0,3.8,50.4,8.8,51.4,46.0,54.8,FALSE
S60_S0990,120.0,3.6,44.5,10.2,57.4,39.4,49.6,FALSE
S60_S0991,120.0,3.8,37.9,14.2,63.8,30.8,45.0,FALSE
S80_S0992,120.0,3.8,46.3,12.8,80.2,39.9,52.7,FALSE
A50_S0993,120.0,3.6,47.5,5.6,53.2,44.7,50.3,TRUE
S60_S0994,120.0,3.6,48.8,11.0,64.9,43.3,54.3,FALSE
A80_S0995,120.0,4.0,56.8,15.4,77.8,49.1,64.5,TRUE
S80_S0996,120.0,3.6,41.1,10.7,76.9,35.8,46.4,FALSE
A50_S0997,120.0,3.9,48.2,11.6,53.1,42.4,54.0,TRUE
A50_S0998,120.0,3.6,48.1,17.0,47.7,39.6,56.6,TRUE
S40_S0999,120.0,3.7,50.1,14.0,38.5,43.1,57.1,FALSE
S50_S1000,120.0,3.6,47.3,15.3,49.7,39.6,55.0,FALSE
A70_S1001,120.0,3.6,40.7,11.4,67.9,35.0,46.4,TRUE
S50_S1002,120.0,3.7,56.5,11.4,46.6,50.8,62.2,FALSE
S50_S1003,120.0,3.9,55.1,17.5,51.3,46.4,63.8,FALSE
S50_S1004,120.0,4.0,42.5,16.5,48.9,34.2,50.8,FALSE
S60_S1005,120.0,3.5,38.9,15.1,63.1,31.4,46.4,FALSE
S60_S1006,120.0,3.9,57.9,9.4,59.8,53.2,62.6,FALSE
S50_S1007,120.0,3.6,45.1,14.4,50.1,37.9,52.3,FALSE
S50_S1008,120.0,3.7,39.7,8.3,54.1,35.6,43.8,FALSE
S60_S1009,120.0,3.9,46.0,12.9,62.8,39.6,52.4,FALSE
A60_S1010,120.0,4.0,46.9,8.2,59.4,42.8,51.0,TRUE
A60_S1011,120.0,3.6,43.5,13.0,64.6,37.0,50.0,TRUE
S60_S1012,120.0,4.0,59.0,13.6,64.1,52.2,65.8,FALSE
S60_S1013,120.0,3.8,49.5,19.5,56.2,39.8,59.2,FALSE
S60_S1014,120.0,3.6,50.7,8.9,60.3,46.2,55.2,FALSE
S40_S1015,120.0,3.5,42.5,12.3,39.9,36.4,48.6,FALSE
S60_S1016,120.0,3.6,50.9,14.2,64.9,43.8,58.0,FALSE
S60_S1017,120.0,3.5,45.5,10.8,58.9,40.1,50.9,FALSE
S70_S1018,120.0,3.6,37.6,18.9,66.9,28.2,47.0,FALSE
A60_S1019,120.0,3.7,41.1,9.7,63.3,36.2,46.0,TRUE
A70_S1020,120.0,3.7,36.5,12.8,65.7,30.1,42.9,TRUE
S80_S1021,120.0,4.0,58.3,12.1,82.4,52.2,64.4,FALSE
S60_S1022,120.0,3.6,48.1,16.4,61.2,39.9,56.3,FALSE
S60_S1023,120.0,3.8,52.2,15.8,57.2,44.3,60.1,FALSE
S70_S1024,120.0,3.9,39.5,10.5,67.1,34.2,44.8,FALSE
S60_S1025,120.0,3.8,45.6,15.0,56.4,38.1,53.1,FALSE
A80_S1026,120.0,3.8,54.5,16.2,83.6,46.4,62.6,TRUE
A60_S1027,120.0,3.7,50.5,13.3,62.5,43.8,57.2,TRUE
A60_S1028,120.0,3.7,46.7,14.1,61.9,39.7,53.8,TRUE
A70_S1029,120.0,3.7,44.7,9.4,74.8,40.0,49.4,TRUE
A60_S1030,120.0,4.0,47.9,10.3,56.0,42.8,53.0,TRUE
S60_S1031,120.0,3.8,38.9,13.8,63.0,32.0,45.8,FALSE
A60_S1032,120.0,3.7,54.1,19.8,64.1,44.2,64.0,TRUE
S60_S1033,120.0,3.7,37.8,8.8,65.0,33.4,42.2,FALSE
S50_S1034,120.0,3.9,41.3,13.9,47.7,34.3,48.2,FALSE
S70_S1035,120.0,3.9,39.5,16.0,65.3,31.5,47.5,FALSE
S70_S1036,120.0,3.6,44.0,11.7,68.6,38.2,49.8,FALSE
A80_S1037,120.0,3.8,48.4,9.0,76.6,43.9,52.9,TRUE
A60_S1038,120.0,3.6,43.2,16.2,58.5,35.1,51.3,TRUE
S70_S1039,120.0,4.0,40.9,8.8,65.2,36.5,45.3,FALSE
S80_S1040,120.0,3.5,42.6,15.4,78.2,34.9,50.3,FALSE
A60_S1041,120.0,3.9,41.3,10.5,56.5,36.0,46.6,TRUE
S60_S1042,120.0,3.7,48.2,14.3,57.6,41.1,55.4,FALSE
S70_S1043,120.0,3.9,45.6,9.6,71.4,40.8,50.4,FALSE
A50_S1044,120.0,3.9,49.0,8.4,51.0,44.8,53.2,TRUE
S80_S1045,120.0,3.7,49.6,11.0,76.2,44.1,55.1,FALSE
S70_S1046,120.0,3.8,52.9,11.6,66.1,47.1,58.7,FALSE
S50_S1047,120.0,3.7,47.0,12.2,50.3,40.9,53.1,FALSE
A50_S1048,120.0,3.8,56.6,18.3,46.7,47.4,65.8,TRUE
S50_S1049,120.0,3.6,38.2,15.0,53.5,30.7,45.7,FALSE
S50_S1050,120.0,3.6,44.6,8.4,50.6,40.4,48.8,FALSE
S60_S1051,120.0,3.6,39.1,11.6,55.3,33.3,44.9,FALSE
A60_S1052,120.0,3.9,55.3,11.8,64.7,49.4,61.2,TRUE
S50_S1053,120.0,3.7,54.3,11.8,51.0,48.4,60.2,FALSE
A60_S1054,120.0,3.8,46.5,16.6,56.7,38.2,54.8,TRUE
S60_S1055,120.0,3.9,48.8,10.7,58.5,43.4,54.2,FALSE
S50_S1056,120.0,3.9,48.3,8.1,53.6,44.2,52.4,FALSE
S50_S1057,120.0,3.5,45.0,13.1,47.8,38.4,51.6,FALSE
A70_S1058,120.0,3.8,49.4,9.0,69.1,44.9,53.9,TRUE
A60_S1059,120.0,3.7,40.0,11.8,55.0,34.1,45.9,TRUE
S60_S1060,120.0,4.0,58.2,7.8,61.3,54.3,62.1,FALSE
A80_S1061,120.0,3.9,45.9,12.6,77.0,39.6,52.2,TRUE
S70_S1062,120.0,4.0,44.2,7.8,71.9,40.3,48.1,FALSE
S60_S1063,120.0,3.7,45.4,8.9,61.8,40.9,49.8,FALSE
S40_S1064,120.0,3.9,52.3,11.5,43.6,46.6,58.0,FALSE
A80_S1065,120.0,3.8,53.6,13.5,80.6,46.8,60.4,TRUE
S60_S1066,120.0,3.9,41.7,17.9,64.3,32.8,50.7,FALSE
S60_S1067,120.0,3.6,39.0,14.0,59.8,32.0,46.0,FALSE
S60_S1068,120.0,3.6,42.4,14.1,56.6,35.4,49.4,FALSE
S50_S1069,120.0,3.7,40.5,18.9,54.9,31.0,50.0,FALSE
A70_S1070,120.0,3.7,46.3,10.4,70.7,41.1,51.5,TRUE
S70_S1071,120.0,3.5,44.9,15.9,71.0,36.9,52.8,FALSE
S50_S1072,120.0,3.6,38.5,16.5,52.2,30.2,46.8,FALSE
S60_S1073,120.0,3.6,37.6,13.2,58.1,31.0,44.2,FALSE
S60_S1074,120.0,3.9,51.4,16.1,63.0,43.3,59.4,FALSE
S60_S1075,120.0,3.9,54.0,13.4,59.0,47.3,60.7,FALSE
S60_S1076,120.0,3.5,35.1,18.1,55.1,26.0,44.2,FALSE
A60_S1077,120.0,3.7,47.6,6.4,55.7,44.4,50.8,TRUE
S50_S1078,120.0,3.8,40.3,5.0,53.0,37.8,42.8,FALSE
A40_S1079,120.0,3.7,38.4,13.5,39.5,31.6,45.2,TRUE
S60_S1080,120.0,3.9,42.9,11.3,60.9,37.2,48.6,FALSE
S60_S1081,120.0,3.6,48.1,17.3,63.4,39.4,56.8,FALSE
A60_S1082,120.0,3.7,46.3,7.2,61.8,42.7,49.9,TRUE
S40_S1083,120.0,3.6,46.7,13.7,42.8,39.8,53.6,FALSE
S60_S1084,120.0,3.8,46.7,11.5,58.7,41.0,52.4,FALSE
S60_S1085,120.0,3.5,40.6,12.8,64.9,34.2,47.0,FALSE
S60_S1086,120.0,3.8,42.5,12.4,57.3,36.3,48.7,FALSE
S50_S1087,120.0,3.9,54.1,16.1,45.1,46.0,62.2,FALSE
S60_S1088,120.0,3.8,53.2,12.7,55.3,46.8,59.6,FALSE
A80_S1089,120.0,3.7,49.6,12.0,75.8,43.6,55.6,TRUE
A70_S1090,120.0,3.9,46.3,13.8,67.0,39.4,53.2,TRUE
S50_S1091,120.0,4.0,49.3,14.8,48.3,41.9,56.7,FALSE
A60_S1092,120.0,3.7,40.6,12.1,63.9,34.6,46.6,TRUE
A80_S1093,120.0,3.8,52.8,14.2,78.5,45.7,59.9,TRUE
S50_S1094,120.0,3.6,38.1,11.1,53.5,32.6,43.6,FALSE
S50_S1095,120.0,3.6,53.3,13.7,50.9,46.4,60.2,FALSE
S70_S1096,120.0,3.9,48.6,18.3,68.2,39.4,57.8,FALSE
A50_S1097,120.0,3.9,44.3,13.0,54.3,37.8,50.8,TRUE
S80_S1098,120.0,4.0,56.5,15.2,76.4,48.9,64.1,FALSE
A80_S1099,120.0,3.7,51.6,13.7,75.5,44.8,58.4,TRUE
S60_S1100,120.0,4.0,57.7,9.1,55.0,53.2,62.2,FALSE
S60_S1101,120.0,3.6,43.3,9.4,61.6,38.6,48.0,FALSE
S60_S1102,120.0,3.5,38.1,15.6,60.8,30.3,45.9,FALSE
A50_S1103,120.0,3.6,36.9,13.3,52.0,30.2,43.6,TRUE
S50_S1104,120.0,3.8,56.2,19.0,47.6,46.7,65.7,FALSE
S60_S1105,120.0,3.6,50.1,17.0,55.2,41.6,58.6,FALSE
A50_S1106,120.0,3.7,45.8,9.3,50.0,41.2,50.4,TRUE
S50_S1107,120.0,3.9,41.2,16.4,53.1,33.0,49.4,FALSE
S70_S1108,120.0,3.8,54.5,15.4,67.6,46.8,62.2,FALSE
S50_S1109,120.0,3.8,46.4,10.4,53.7,41.2,51.6,FALSE
S60_S1110,120.0,3.9,52.4,19.1,62.1,42.8,62.0,FALSE
S70_S1111,120.0,4.0,50.7,12.3,67.9,44.6,56.8,FALSE
S50_S1112,120.0,3.6,38.2,14.4,48.8,31.0,45.4,FALSE
S50_S1113,120.0,3.7,41.0,9.0,54.0,36.5,45.5,FALSE
S60_S1114,120.0,4.0,52.1,10.4,57.3,46.9,57.3,FALSE
S50_S1115,120.0,3.8,44.3,14.4,51.1,37.1,51.5,FALSE
S70_S1116,120.0,3.6,43.9,16.1,71.7,35.8,52.0,FALSE
S70_S1117,120.0,3.7,39.5,7.0,69.9,36.0,43.0,FALSE
S60_S1118,120.0,3.9,42.2,12.5,61.1,36.0,48.4,FALSE
S50_S1119,120.0,3.5,44.7,8.3,52.8,40.6,48.8,FALSE
A40_S1120,120.0,3.8,51.7,6.6,42.1,48.4,55.0,TRUE
A60_S1121,120.0,3.8,42.2,11.1,62.2,36.7,47.8,TRUE
S60_S1122,120.0,3.6,54.7,7.6,64.2,50.9,58.5,FALSE
S60_S1123,120.0,3.5,40.6,11.7,63.7,34.8,46.4,FALSE
S60_S1124,120.0,3.9,58.4,15.5,57.2,50.6,66.2,FALSE
S50_S1125,120.0,3.6,43.6,13.2,49.3,37.0,50.2,FALSE
S50_S1126,120.0,3.9,53.1,11.9,46.9,47.2,59.0,FALSE
S60_S1127,120.0,3.6,41.8,13.3,58.3,35.2,48.4,FALSE
A80_S1128,120.0,4.0,46.2,11.1,80.8,40.7,51.8,TRUE
S60_S1129,120.0,4.0,52.4,18.0,62.5,43.4,61.4,FALSE
S60_S1130,120.0,3.9,39.3,9.3,55.8,34.6,43.9,FALSE
A50_S1131,120.0,4.0,52.9,14.2,49.1,45.8,60.0,TRUE
S60_S1132,120.0,3.8,53.2,8.6,63.0,48.9,57.5,FALSE
S50_S1133,120.0,3.7,48.4,16.3,48.9,40.2,56.6,FALSE
S70_S1134,120.0,3.9,56.6,7.4,70.5,52.9,60.3,FALSE
S60_S1135,120.0,3.9,39.9,8.4,62.8,35.7,44.1,FALSE
S50_S1136,120.0,4.0,59.1,11.0,54.8,53.6,64.6,FALSE
S70_S1137,120.0,3.7,50.7,10.3,65.9,45.6,55.8,FALSE
S50_S1138,120.0,3.9,53.9,8.5,52.6,49.6,58.2,FALSE
S70_S1139,120.0,3.9,52.8,16.8,66.4,44.4,61.2,FALSE
S60_S1140,120.0,3.6,40.6,16.3,60.0,32.4,48.8,FALSE
A50_S1141,120.0,3.8,51.7,11.5,54.0,46.0,57.4,TRUE
S70_S1142,120.0,3.8,40.3,15.2,73.4,32.7,47.9,FALSE
A50_S1143,120.0,3.7,54.1,8.1,45.5,50.1,58.2,TRUE
S60_S1144,120.0,4.0,56.3,12.1,60.6,50.2,62.4,FALSE
A50_S1145,120.0,3.7,43.2,12.9,48.4,36.8,49.7,TRUE
A70_S1146,120.0,3.7,44.4,9.7,66.0,39.6,49.2,TRUE
S70_S1147,120.0,3.8,37.9,7.3,69.4,34.2,41.6,FALSE
S60_S1148,120.0,3.7,53.1,10.4,56.3,47.9,58.3,FALSE
S60_S1149,120.0,3.7,51.1,13.5,61.1,44.4,57.8,FALSE
A40_S1150,120.0,3.8,47.8,12.1,37.0,41.8,53.8,TRUE
S60_S1151,120.0,3.8,43.2,14.5,60.1,36.0,50.4,FALSE
S50_S1152,120.0,3.5,38.7,13.4,49.9,32.0,45.4,FALSE
S80_S1153,120.0,3.9,48.7,11.6,78.8,42.9,54.5,FALSE
S60_S1154,120.0,3.6,37.4,15.9,63.1,29.4,45.4,FALSE
A70_S1155,120.0,3.8,41.0,13.7,68.4,34.2,47.8,TRUE
S50_S1156,120.0,3.6,41.4,14.9,48.7,33.9,48.8,FALSE
A60_S1157,120.0,3.7,37.2,14.0,61.6,30.2,44.2,TRUE
S60_S1158,120.0,3.6,46.6,14.1,55.1,39.6,53.6,FALSE
A60_S1159,120.0,3.7,39.4,16.8,59.8,31.0,47.8,TRUE
S60_S1160,120.0,3.6,43.9,9.8,64.4,39.0,48.8,FALSE
S50_S1161,120.0,3.6,50.5,10.4,51.2,45.3,55.7,FALSE
S50_S1162,120.0,4.0,58.7,12.7,46.1,52.4,65.0,FALSE
S60_S1163,120.0,3.7,45.4,14.2,64.3,38.3,52.5,FALSE
S60_S1164,120.0,3.8,46.1,20.0,56.4,36.1,56.1,FALSE
S60_S1165,120.0,4.0,60.0,9.6,55.7,55.2,64.8,FALSE
S70_S1166,120.0,3.9,45.2,11.5,72.8,39.4,51.0,FALSE
S60_S1167,120.0,3.8,55.7,13.6,59.4,48.9,62.5,FALSE
S70_S1168,120.0,3.9,43.3,12.2,69.3,37.2,49.4,FALSE
S60_S1169,120.0,3.9,43.0,8.4,63.6,38.8,47.2,FALSE
S60_S1170,120.0,3.9,56.0,13.0,63.5,49.5,62.5,FALSE
A70_S1171,120.0,3.7,43.3,9.4,72.7,38.6,48.0,TRUE
A70_S1172,120.0,4.0,44.4,14.2,65.7,37.3,51.5,TRUE
A70_S1173,120.0,3.9,53.5,11.8,67.3,47.6,59.4,TRUE
S50_S1174,120.0,3.6,39.8,15.6,50.6,32.0,47.6,FALSE
S60_S1175,120.0,3.8,40.6,15.7,58.8,32.8,48.4,FALSE
S50_S1176,120.0,4.0,57.5,9.0,54.8,53.0,62.0,FALSE
S60_S1177,120.0,3.8,55.9,11.0,60.6,50.4,61.4,FALSE
S50_S1178,120.0,3.9,47.4,11.4,52.6,41.7,53.1,FALSE
S70_S1179,120.0,3.8,48.2,16.3,66.8,40.1,56.4,FALSE
S50_S1180,120.0,3.6,45.0,11.1,48.0,39.4,50.6,FALSE
S70_S1181,120.0,3.7,54.8,8.2,68.6,50.7,58.9,FALSE
A40_S1182,120.0,3.5,46.7,15.1,44.6,39.2,54.2,TRUE
A60_S1183,120.0,3.6,46.7,18.8,55.7,37.3,56.1,TRUE
S70_S1184,120.0,3.7,53.2,9.5,70.4,48.4,58.0,FALSE
S70_S1185,120.0,3.5,39.5,9.2,71.4,34.9,44.1,FALSE
A70_S1186,120.0,3.7,45.2,16.0,66.2,37.2,53.2,TRUE
A50_S1187,120.0,3.9,51.5,12.1,53.2,45.4,57.6,TRUE
S50_S1188,120.0,3.6,44.1,11.4,53.8,38.4,49.8,FALSE
S50_S1189,120.0,3.6,40.2,12.8,51.7,33.8,46.6,FALSE
S60_S1190,120.0,3.5,46.9,12.0,60.5,40.9,52.9,FALSE
S60_S1191,120.0,3.7,48.9,11.4,56.5,43.2,54.6,FALSE
A60_S1192,120.0,3.6,42.6,10.1,56.1,37.6,47.6,TRUE
A60_S1193,120.0,3.5,51.6,13.8,58.4,44.7,58.5,TRUE
A50_S1194,120.0,3.9,40.5,11.5,51.2,34.8,46.2,TRUE
S50_S1195,120.0,3.6,35.6,18.8,46.3,26.2,45.0,FALSE
S50_S1196,120.0,3.6,48.0,16.3,46.5,39.8,56.2,FALSE
S50_S1197,120.0,3.7,54.3,7.6,47.3,50.5,58.1,FALSE
S70_S1198,120.0,3.5,40.0,13.7,71.1,33.2,46.8,FALSE
S50_S1199,120.0,3.6,36.2,5.4,48.4,33.5,38.9,FALSE
S70_S1200,120.0,3.6,47.7,10.6,72.2,42.4,53.0,FALSE