case_name,dataset,score
A30_S0581,real_train,0.5344453
A60_S1019,real_train,0.87879795
S50_S0301,real_train,0.8461741
A50_S0486,real_train,0.8574504
A50_S0442,real_train,0.7709212
A70_S0311,real_train,0.88221973
S40_S1087,real_train,0.585045
A60_S1032,real_train,0.8651492
S50_S0183,real_train,0.8026323
S60_S0942,real_train,0.899217
A60_S0748,real_train,0.87389463
A60_S0618,real_train,0.879571
S50_S0189,real_train,0.8386662
S50_S0499,real_train,0.84369487
S60_S0519,real_train,0.8977603
S50_S0388,real_train,0.7598952
S60_S0982,real_train,0.86663693
S50_S0441,real_train,0.80236477
A50_S0616,real_train,0.8070466
S60_S0738,real_train,0.89769274
A60_S0465,real_train,0.8901193
S40_S0712,real_train,0.6684303
A60_S0783,real_train,0.8842812
S60_S0976,real_train,0.89268005
A40_S0017,real_train,0.5302787
S60_S1122,real_train,0.88174736
A60_S0061,real_train,0.86205906
S60_S1169,real_train,0.8665369
A50_S0276,real_train,0.7906285
S40_S1162,real_train,0.548487
S50_S0971,real_train,0.7674399
S50_S0924,real_train,0.7393162
A60_S0367,real_train,0.8569758
S40_S0036,real_train,0.6319604
A60_S0167,real_train,0.89376515
S60_S0199,real_train,0.87463826
S50_S0502,real_train,0.83992857
S50_S0268,real_train,0.8071594
A60_S0282,real_train,0.86817694
S60_S0879,real_train,0.85284936
S50_S0695,real_train,0.82618695
S40_S0706,real_train,0.6288593
S60_S0557,real_train,0.8753666
A50_S1103,real_train,0.7871021
S70_S0250,real_train,0.85845184
S50_S0048,real_train,0.78288835
S40_S0979,real_train,0.6431796
S50_S0325,real_train,0.8325099
S50_S0274,real_train,0.6181297
S60_S0230,real_train,0.87986296
S40_S1083,real_train,0.6879924
A30_S1079,real_train,0.6305329
S60_S1177,real_train,0.849766
A50_S0918,real_train,0.8077584
S30_S0961,real_train,0.50947005
S50_S0511,real_train,0.8383663
A60_S0261,real_train,0.89872926
A70_S0140,real_train,0.8505617
S60_S0590,real_train,0.86542743
S50_S0064,real_train,0.8378971
S70_S1200,real_train,0.85826665
S40_S0411,real_train,0.6840292
S50_S0664,real_train,0.8211818
S60_S1018,real_train,0.89301366
S50_S0381,real_train,0.8333002
S60_S0119,real_train,0.8713964
S70_S0232,real_train,0.86341304
S50_S0666,real_train,0.8343275
S50_S0405,real_train,0.8255038
S50_S0464,real_train,0.7116784
S60_S0564,real_train,0.89861745
S60_S0142,real_train,0.89261216
S50_S1127,real_train,0.84257394
A50_S0973,real_train,0.8106563
A60_S0293,real_train,0.87736225
S40_S0885,real_train,0.5125528
S60_S0320,real_train,0.87948346
A60_S0169,real_train,0.8917629
S60_S0397,real_train,0.8946845
A50_S0253,real_train,0.81869006
A50_S0872,real_train,0.7632063
A60_S0953,real_train,0.83251315
S40_S0678,real_train,0.72612655
S40_S0521,real_train,0.78305686
S60_S1151,real_train,0.84436345
S60_S1179,real_train,0.893057
A40_S0702,real_train,0.736432
S60_S0655,real_train,0.8760805
A50_S0752,real_train,0.85090005
S50_S1006,real_train,0.8494809
A60_S1020,real_train,0.89007056
S40_S0583,real_train,0.6284497
S50_S0235,real_train,0.7782242
S50_S1165,real_train,0.79576224
S50_S0252,real_train,0.79984635
S60_S1154,real_train,0.86870235
S70_S0522,real_train,0.895637
A30_S0026,real_train,0.638644
S40_S0023,real_train,0.57209086
S40_S0234,real_train,0.5755006
A60_S1058,real_train,0.89897484
S60_S0139,real_train,0.8723359
S50_S0550,real_train,0.6311111
S40_S0747,real_train,0.69196206
S50_S0480,real_train,0.8185332
S70_S0196,real_train,0.8608995
S60_S0172,real_train,0.8714145
A50_S1044,real_train,0.7353275
A50_S0670,real_train,0.7627191
S50_S0987,real_train,0.7839624
S50_S0191,real_train,0.82269305
S70_S1043,real_train,0.8528583
S60_S1110,real_train,0.8647326
A50_S0396,real_train,0.811326
S70_S0390,real_train,0.8747582
A50_S1183,real_train,0.83279234
S40_S0073,real_train,0.6897851
A60_S0696,real_train,0.84998125
S60_S1135,real_train,0.8707951
S60_S1063,real_train,0.85930556
A50_S0109,real_train,0.75228554
A60_S0803,real_train,0.8973928
A50_S0720,real_train,0.8018026
A60_S0926,real_train,0.88511276
S50_S0226,real_train,0.7663538
A60_S1186,real_train,0.8949958
A50_S0855,real_train,0.83843714
S50_S0415,real_train,0.85143954
S50_S0723,real_train,0.83905995
S50_S1042,real_train,0.83924425
A50_S0765,real_train,0.7396219
S50_S0131,real_train,0.81594723
S50_S1138,real_train,0.6719134
A50_S0980,real_train,0.7618961
A40_S0377,real_train,0.6911099
S50_S0639,real_train,0.7102848
A60_S0032,real_train,0.89245504
S50_S0022,real_train,0.83858335
S50_S1017,real_train,0.8475287
S40_S0806,real_train,0.6668448
S50_S0856,real_train,0.7944589
A50_S1030,real_train,0.8190211
S50_S0362,real_train,0.784926
A50_S0802,real_train,0.8455267
A50_S1054,real_train,0.7905644
A30_S0833,real_train,0.55709213
S50_S1047,real_train,0.730534
S50_S0335,real_train,0.8285682
S50_S1072,real_train,0.79922587
S50_S0407,real_train,0.7919231
A50_S0170,real_train,0.83332515
S60_S0019,real_train,0.8650543
S50_S0166,real_train,0.77352285
A60_S0364,real_train,0.84616137
A50_S0866,real_train,0.7950913
S60_S0547,real_train,0.8622839
A60_S0318,real_train,0.86038786
A60_S0245,real_train,0.8538178
A60_S0179,real_train,0.8531139
S60_S0983,real_train,0.8711659
A50_S0744,real_train,0.8199925
S70_S1185,real_train,0.8774865
S60_S0267,real_train,0.88948244
S60_S1039,real_train,0.8760619
S40_S0683,real_train,0.7081563
A50_S1194,real_train,0.7405702
A40_S0624,real_train,0.6784794
S60_S0447,real_train,0.8737584
A50_S0538,real_train,0.8550079
S50_S0767,real_train,0.80233824
A40_S1143,real_train,0.7296695
S50_S1078,real_train,0.7512128
S60_S0902,real_train,0.8939868
S60_S0682,real_train,0.86771494
S50_S0037,real_train,0.7805785
S40_S1180,real_train,0.7495725
S60_S0909,real_train,0.86864054
S40_S0826,real_train,0.6135706
A40_S0331,real_train,0.7658422
S60_S0241,real_train,0.8743101
S50_S0266,real_train,0.77540606
S50_S1161,real_train,0.78717244
S50_S0919,real_train,0.85744333
S60_S0217,real_train,0.8948541
S70_S0034,real_train,0.8673664
S60_S0948,real_train,0.87052244
A70_S0729,real_train,0.86375624
A40_S0978,real_train,0.47117692
S40_S0240,real_train,0.7475908
S50_S0677,real_train,0.8219133
S60_S1163,real_train,0.8695274
S70_S1198,real_train,0.86782515
S60_S1181,real_train,0.9023556
A60_S0614,real_train,0.86131454
S60_S0936,real_train,0.8582962
S60_S0008,real_train,0.849119
S40_S0908,real_train,0.63959724
S40_S0380,real_train,0.6623319
A50_S1097,real_train,0.767767
A40_S0248,real_train,0.7600934
S50_S0350,real_train,0.83401537
S50_S0671,real_train,0.78886986
A50_S0029,real_train,0.68028694
A60_S0688,real_train,0.866377
S60_S1016,real_train,0.88360614
A60_S0721,real_train,0.89352757
S60_S0461,real_train,0.8878853
S40_S0099,real_train,0.63968503
S60_S0576,real_train,0.8423079
S50_S0694,real_train,0.71839213
S50_S0651,real_train,0.8536943
S60_S0928,real_train,0.88132006
S50_S0966,real_train,0.7921376
S40_S1064,real_train,0.5289909
S40_S0355,real_train,0.6958132
S60_S1060,real_train,0.82825315
S50_S1148,real_train,0.8125208
S40_S0164,real_train,0.7165031
S40_S0602,real_train,0.7112948
A50_S0180,real_train,0.79012203
S60_S1005,real_train,0.87898564
S50_S0110,real_train,0.81189686
S50_S0641,real_train,0.8463091
A50_S0584,real_train,0.8225685
S40_S0659,real_train,0.72543484
A50_S0394,real_train,0.7667771
S60_S1168,real_train,0.8976014
S60_S1108,real_train,0.87760997
S60_S0233,real_train,0.87391347
S50_S0870,real_train,0.7547765
A40_S0041,real_train,0.7256895
S40_S0402,real_train,0.6624692
S50_S0484,real_train,0.6681151
A40_S0646,real_train,0.70657057
A50_S0997,real_train,0.75120187
S40_S0648,real_train,0.7133838
S60_S0340,real_train,0.8916064
S40_S0732,real_train,0.7399449
S50_S0324,real_train,0.8350171
S60_S1009,real_train,0.8689058
S70_S0779,real_train,0.8966847
S60_S0024,real_train,0.86410666
S50_S0891,real_train,0.77655774
A60_S0528,real_train,0.85662186
A70_S0506,real_train,0.8830476
A40_S0153,real_train,0.6239869
S50_S0981,real_train,0.8219044
A60_S1172,real_train,0.88511056
S60_S0348,real_train,0.8893434
A60_S0258,real_train,0.88634425
A50_S1141,real_train,0.71095973
A50_S0463,real_train,0.8226484
S50_S0195,real_train,0.7731942
A40_S0310,real_train,0.7293021
S30_S0901,real_train,0.59558374
S60_S0814,real_train,0.8833995
S60_S0913,real_train,0.8704503
S70_S0188,real_train,0.8683977
A70_S0762,real_train,0.8823282
S40_S0766,real_train,0.6504802
S60_S0213,real_train,0.86523867
S60_S0788,real_train,0.8984376
A60_S0102,real_train,0.8480284
S50_S0989,real_train,0.6887896
A50_S0418,real_train,0.75095534
S50_S0622,real_train,0.7550624
A50_S0077,real_train,0.8465178
S50_S0951,real_train,0.7503329
A60_S0782,real_train,0.8360528
S60_S0597,real_train,0.871791
S40_S0825,real_train,0.6972146
A50_S0911,real_train,0.8224491
A50_S0200,real_train,0.83233166
S60_S0227,real_train,0.8956399
S50_S0451,real_train,0.77460873
S40_S0930,real_train,0.6486118
A60_S0010,real_train,0.8903674
A60_S0669,real_train,0.8760845
A60_S0347,real_train,0.87131786
S50_S0053,real_train,0.7993334
S70_S0328,real_train,0.852409
S50_S0383,real_train,0.8449919
A50_S0601,real_train,0.86417407
S60_S0660,real_train,0.8488051
S50_S0162,real_train,0.8573378
S50_S0585,real_train,0.7858906
S50_S0776,real_train,0.85660976
A50_S0672,real_train,0.8232543
A50_S0598,real_train,0.7253591
S50_S0001,real_train,0.8579644
S60_S0079,real_train,0.8903525
A40_S1145,real_train,0.7280787
S50_S0534,real_train,0.77424175
S50_S1167,real_train,0.8309297
S60_S1137,real_train,0.88629687
S40_S0108,real_train,0.5207068
A60_S0652,real_train,0.8792453
A40_S0813,real_train,0.7372655
S30_S0387,real_train,0.57714796
A60_S0047,real_train,0.8777457
A50_S0479,real_train,0.8501085
S60_S0794,real_train,0.8930098
S60_S1031,real_train,0.8643317
S60_S0083,real_train,0.88084215
S60_S0246,real_train,0.8826367
A60_S0596,real_train,0.88065195
S60_S0863,real_train,0.86188895
S40_S0903,real_train,0.69736
S70_S0868,real_train,0.8688579
A60_S0962,real_train,0.876635
A70_S0853,real_train,0.8507141
S50_S0812,real_train,0.7511706
A60_S1028,real_train,0.8612508
A50_S0882,real_train,0.83135706
A50_S0663,real_train,0.7701949
S60_S0526,real_train,0.8590616
S60_S0704,real_train,0.8662854
A40_S0941,real_train,0.7107096
S30_S0734,real_train,0.62412006
S70_S0045,real_train,0.8909506
A50_S0810,real_train,0.75420105
S40_S1196,real_train,0.7252349
S40_S0425,real_train,0.71732634
S60_S0369,real_train,0.88009125
A60_S1121,real_train,0.8503549
A40_S0251,real_train,0.71907365
S60_S0628,real_train,0.88051546
S60_S0542,real_train,0.8750979
S60_S0610,real_train,0.86303926
S40_S0544,real_train,0.6897214
S50_S0284,real_train,0.7943577
S70_S0552,real_train,0.85573274
A40_S0580,real_train,0.7438823
A50_S1077,real_train,0.8237699
A60_S0403,real_train,0.8606754
S60_S0753,real_train,0.86527485
S50_S1136,real_train,0.72018856
S60_S0317,real_train,0.892227
S60_S0894,real_train,0.87892616
A50_S0914,real_train,0.8118612
S50_S0700,real_train,0.8332198
A60_S0795,real_train,0.8622226
S50_S0649,real_train,0.77438486
S50_S0828,real_train,0.772904
S50_S0408,real_train,0.8290246
S60_S1132,real_train,0.8639379
A40_S0219,real_train,0.649457
A50_S0687,real_train,0.8384547
A60_S1155,real_train,0.8851528
A60_S0501,real_train,0.87590337
S60_S1066,real_train,0.87543607
S70_S0875,real_train,0.88092697
A60_S0018,real_train,0.8631007
A50_S0586,real_train,0.814012
S50_S0912,real_train,0.7728678
S50_S0558,real_train,0.84177536
A50_S1159,real_train,0.858238
A60_S0934,real_train,0.88088113
S60_S0603,real_train,0.86648643
S60_S0171,real_train,0.8563698
S60_S0214,real_train,0.8861504
S60_S0030,real_train,0.86580426
S60_S0656,real_train,0.88060683
S50_S0185,real_train,0.8108874
S40_S0132,real_train,0.6088957
A40_S0772,real_train,0.6853853
S60_S1129,real_train,0.8597558
A50_S0933,real_train,0.8195089
S60_S0272,real_train,0.8907698
A50_S1041,real_train,0.811248
A40_S0187,real_train,0.79416424
S50_S0160,real_train,0.80929744
A40_S0880,real_train,0.6812368
A60_S0025,real_train,0.8738496
S60_S0858,real_train,0.88630605
S50_S0174,real_train,0.84065425
S50_S1189,real_train,0.77688384
S60_S0035,real_train,0.8589639
S50_S0021,real_train,0.7811082
A60_S0774,real_train,0.8592215
S60_S0759,real_train,0.86346805
S50_S1084,real_train,0.8444163
A60_S0277,real_train,0.87726897
A40_S0345,real_train,0.72928905
S60_S0516,real_train,0.8794828
S40_S0849,real_train,0.66528386
S70_S0535,real_train,0.85335916
S40_S0080,real_train,0.49594396
A60_S0296,real_train,0.86840105
A40_S0573,real_train,0.59295297
S50_S0832,real_train,0.83790314
S70_S0876,real_train,0.8693129
S40_S0156,real_train,0.63183534
S40_S1195,real_train,0.71059793
S70_S0878,real_train,0.82981914
S50_S0950,real_train,0.5908703
S60_S0851,real_train,0.861759
S60_S0129,real_train,0.8635024
S60_S0221,real_train,0.85262287
A60_S0044,real_train,0.88334376
S60_S0865,real_train,0.8977639
S60_S1190,real_train,0.8650333
S50_S0117,real_train,0.8269357
S70_S0905,real_train,0.8792557
S60_S0771,real_train,0.896339
S50_S0449,real_train,0.79395396
A50_S0959,real_train,0.8129566
S50_S0899,real_train,0.78742397
S60_S1036,real_train,0.8915254
A50_S0972,real_train,0.67813396
S50_S1023,real_train,0.8118711
S60_S1170,real_train,0.85551673
A50_S0895,real_train,0.79096365
S50_S1191,real_train,0.8200461
S60_S0106,real_train,0.86953735
S60_S0338,real_train,0.8631359
A50_S0555,real_train,0.8147064
A60_S0278,real_train,0.8935999
S60_S0043,real_train,0.8525682
A50_S0483,real_train,0.8425306
S40_S0681,real_train,0.690372
S40_S0674,real_train,0.70078546
S60_S0302,real_train,0.85538405
S50_S0468,real_train,0.73961985
S60_S1096,real_train,0.84371895
S50_S0847,real_train,0.79875046
A50_S0620,real_train,0.8414643
A40_S1048,real_train,0.645734
A50_S0889,real_train,0.83505774
S40_S0470,real_train,0.6071701
S70_S1062,real_train,0.83087766
A60_S0124,real_train,0.8618324
S50_S0780,real_train,0.80696654
S60_S0830,real_train,0.86231726
S60_S0372,real_train,0.8988987
A30_S1150,real_train,0.60844696
S60_S0728,real_train,0.88997954
A40_S0518,real_train,0.69676125
S40_S1002,real_train,0.7113271
S50_S0754,real_train,0.8160478
A60_S0491,real_train,0.8423625
A60_S0957,real_train,0.8861676
S60_S0292,real_train,0.83383816
S50_S0413,real_train,0.77736676
S50_S0643,real_train,0.8473012
S60_S0147,real_train,0.8882873
S60_S0561,real_train,0.85635096
S60_S0158,real_train,0.8733613
A60_S0594,real_train,0.8725635
S50_S0582,real_train,0.772853
A60_S0890,real_train,0.8792684
S40_S0619,real_train,0.6538558
A50_S0887,real_train,0.6945874
S60_S0768,real_train,0.89440215
S50_S0703,real_train,0.8102448
S60_S1033,real_train,0.88067704
S50_S0339,real_train,0.8145618
S60_S0546,real_train,0.8933655
S50_S0054,real_train,0.7632992
S50_S1050,real_train,0.7682864
A50_S0871,real_train,0.83746386
A50_S0867,real_train,0.82070404
S60_S0548,real_train,0.83367735
S30_S0101,real_train,0.4688494
S60_S0257,real_train,0.81106824
S70_S0635,real_train,0.89440364
S50_S0790,real_train,0.8406602
S60_S0094,real_train,0.8966907
S30_S0346,real_train,0.4217086
S40_S1126,real_train,0.5973833
A60_S1173,real_train,0.89549017
A60_S0003,real_train,0.8819282
A50_S0644,real_train,0.8247777
S60_S0864,real_train,0.86650735
S50_S0572,real_train,0.8536038
A50_S0816,real_train,0.839443
S50_S1188,real_train,0.81637865
S70_S0741,real_train,0.85317034
A60_S0063,real_train,0.86896706
S50_S0577,real_train,0.85335934
A60_S0737,real_train,0.88598543
A60_S0839,real_train,0.85746557
S60_S0773,real_train,0.8697962
S40_S0439,real_train,0.47546118
A50_S0637,real_train,0.8106221
A50_S1192,real_train,0.8398917
A60_S0098,real_train,0.8851906
S40_S0883,real_train,0.61593026
A60_S0412,real_train,0.8825297
S40_S0625,real_train,0.73487264
S60_S0481,real_train,0.88020283
S60_S0376,real_train,0.8589335
S60_S1118,real_train,0.8498856
S60_S0426,real_train,0.89958334
S60_S1024,real_train,0.89159054
A50_S0714,real_train,0.79443157
S50_S0698,real_train,0.7989055
S40_S0453,real_train,0.6272031
S60_S0524,real_train,0.87595135
S60_S0443,real_train,0.8533324
S50_S1119,real_train,0.8053049
S60_S1139,real_train,0.8772367
A60_S0244,real_train,0.8987519
S50_S0707,real_train,0.8307018
S60_S1144,real_train,0.8432802
S60_S0306,real_train,0.8974591
S60_S0600,real_train,0.88613486
S60_S1160,real_train,0.88167393
S50_S0647,real_train,0.82750267
S60_S0811,real_train,0.89682025
S70_S0450,real_train,0.8549929
S40_S0303,real_train,0.6012182
S70_S0916,real_train,0.8501552
S60_S0224,real_train,0.8467309
S50_S0148,real_train,0.7776464
A60_S0640,real_train,0.8770841
S60_S0667,real_train,0.84597784
S40_S0898,real_train,0.7508481
S50_S0081,real_train,0.8044785
S60_S0305,real_train,0.8576145
A50_S0566,real_train,0.8082244
S50_S0958,real_train,0.76715773
A60_S0308,real_train,0.8736997
S60_S0943,real_train,0.88635975
S50_S0559,real_train,0.7809388
S50_S0844,real_train,0.83465725
S40_S0135,real_train,0.60036516
S60_S0297,real_train,0.8653024
S50_S0804,real_train,0.839038
S60_S0829,real_train,0.8654375
A60_S0315,real_train,0.83333665
S60_S0263,real_train,0.8901302
S60_S0525,real_train,0.8624707
S50_S0860,real_train,0.8021759
A60_S1082,real_train,0.86195046
S50_S0740,real_train,0.82879484
S40_S0591,real_train,0.5645178
S60_S1080,real_train,0.84727657
S50_S1049,real_train,0.8181506
S30_S0968,real_train,0.59072363
A60_S0536,real_train,0.8615253
S50_S1164,real_train,0.8326
S50_S0654,real_train,0.8113251
S50_S0680,real_train,0.77185893
A60_S0760,real_train,0.88822925
S40_S0177,real_train,0.6820339
S40_S0260,real_train,0.67997265
A60_S0269,real_train,0.8318764
S70_S0588,real_train,0.88859725
S60_S0650,real_train,0.866816
S40_S1199,real_train,0.7330126
S30_S0327,real_train,0.5864191
S50_S0128,real_train,0.8464169
S50_S0701,real_train,0.82191837
S70_S1166,real_train,0.86290425
S60_S0207,real_train,0.8601455
A70_S0761,real_train,0.841246
S60_S1117,real_train,0.89192367
S50_S0633,real_train,0.7624442
S60_S0874,real_train,0.87267953
S60_S0593,real_train,0.86064756
S50_S0724,real_train,0.8410424
S60_S0840,real_train,0.894676
S50_S0368,real_train,0.793896
S50_S0906,real_train,0.77925384
S50_S0446,real_train,0.8118684
S60_S0204,real_train,0.8790263
A50_S0349,real_train,0.80463976
A60_S0384,real_train,0.8949318
S50_S0990,real_train,0.82267
S60_S0969,real_train,0.8980797
A50_S0949,real_train,0.835451
S50_S0218,real_train,0.83329767
A40_S0471,real_train,0.70672214
S50_S0291,real_train,0.80328375
A50_S1038,real_train,0.844399
S50_S0775,real_train,0.7863232
S60_S1035,real_train,0.88375795
S60_S0888,real_train,0.8906784
S60_S0842,real_train,0.8632099
S50_S0046,real_train,0.7843111
S50_S1114,real_train,0.7912959
S60_S0653,real_train,0.89441496
A50_S0432,real_train,0.7993623
S50_S0395,real_train,0.8269596
A60_S0373,real_train,0.8674715
S50_S1158,real_train,0.8150373
S60_S0514,real_train,0.8974116
S50_S0428,real_train,0.7917633
S50_S0956,real_train,0.82464707
S40_S1104,real_train,0.6949396
S60_S0609,real_train,0.86649394
S50_S0360,real_train,0.6356168
S60_S0475,real_train,0.8599291
S60_S0988,real_train,0.83648396
A60_S0114,real_train,0.8926043
S40_S0354,real_train,0.7429483
S60_S0203,real_train,0.8832115
S60_S0532,real_train,0.87294436
S40_S0410,real_train,0.582445
S60_S0082,real_train,0.8691698
S60_S0843,real_train,0.8751995
A60_S0206,real_train,0.85664064
A30_S0371,real_train,0.50654435
S60_S0085,real_train,0.86642116
S50_S0709,real_train,0.8523176
S60_S1074,real_train,0.843194
S50_S0587,real_train,0.8489701
S50_S1130,real_train,0.80290395
S50_S0329,real_train,0.79562736
S50_S1088,real_train,0.8090641
S60_S1149,real_train,0.8468527
S50_S0915,real_train,0.75478643
A50_S0445,real_train,0.8047489
S60_S0222,real_train,0.84364784
S50_S1095,real_train,0.7943294
S50_S0421,real_train,0.7576545
S40_S0540,real_train,0.6733511
S50_S0116,real_train,0.78445214
A40_S0859,real_train,0.6818364
A40_S0455,real_train,0.68826056
S60_S0822,real_train,0.8621181
S60_S0138,real_train,0.85296726
S60_S0356,real_train,0.8541474
A60_S0087,real_train,0.87576586
A50_S0757,real_train,0.8082035
A40_S0351,real_train,0.7152646
S60_S0994,real_train,0.8850306
A60_S0299,real_train,0.89150804
S50_S0055,real_train,0.77673024
S60_S0105,real_train,0.8266944
S40_S0181,real_train,0.48162046
A60_S0796,real_train,0.88539726
S40_S0665,real_train,0.7121814
S50_S0854,real_train,0.82955354
S40_S0352,real_train,0.7573122
S50_S0494,real_train,0.8174343
S50_S0089,real_train,0.8384677
A50_S0789,real_train,0.8153774
A50_S0033,real_train,0.86067474
S40_S1197,real_train,0.6456621
S50_S0733,real_train,0.79850525
A50_S0708,real_train,0.85374814
S70_S0984,real_train,0.86105394
S50_S0194,real_train,0.82281
S60_S0353,real_train,0.86277616
S70_S0835,real_train,0.8681545
A50_S0050,real_train,0.8448885
S60_S0237,real_train,0.8624523
A40_S0143,real_train,0.68346155
A50_S0931,real_train,0.8441056
A40_S0612,real_train,0.6140228
S50_S0066,real_train,0.7411221
S40_S0193,real_train,0.56736743
A60_S0006,real_train,0.856308
S60_S0072,real_train,0.89301807
A60_S0201,real_train,0.8960742
S60_S0787,real_train,0.88439023
S60_S0176,real_train,0.8823025
A40_S0998,real_train,0.7453803
S60_S0556,real_train,0.85463053
A70_S0691,real_train,0.87387
S50_S1175,real_train,0.8457374
S50_S1073,real_train,0.84036225
S50_S1086,real_train,0.8202244
A60_S0869,real_train,0.8692543
S50_S1007,real_train,0.7821884
A60_S0476,real_train,0.86684835
S50_S1094,real_train,0.8117813
S40_S1112,real_train,0.7491953
S40_S1057,real_train,0.746235
A60_S0661,real_train,0.86885095
S60_S0247,real_train,0.8594365
S60_S0512,real_train,0.8754229
A60_S0658,real_train,0.85808635
S60_S1102,real_train,0.8687731
S70_S0537,real_train,0.89278966
A60_S0093,real_train,0.8823335
A50_S0960,real_train,0.8134982
S50_S0366,real_train,0.73825437
S50_S1105,real_train,0.82210654
S40_S0444,real_train,0.66131896
S50_S1008,real_train,0.800381
S50_S0012,real_train,0.83730936
S60_S0271,real_train,0.88110155
S60_S0104,real_train,0.8956252
A50_S0507,real_train,0.808447
S50_S0404,real_train,0.8196664
S40_S0323,real_train,0.5981526
A30_S0192,real_train,0.6071403
S70_S0357,real_train,0.87295485
S70_S1071,real_train,0.8603143
S50_S0391,real_train,0.831196
S60_S0824,real_train,0.86031246
A50_S0262,real_train,0.83851796
A60_S0112,real_train,0.88009334
A40_S0469,real_train,0.6225936
S60_S0862,real_train,0.8817133
S60_S0123,real_train,0.8509031
S50_S0145,real_train,0.81871635
S40_S0736,real_train,0.6830167
S40_S1034,real_train,0.57390976
S70_S0907,real_train,0.8639938
S40_S0091,real_train,0.7189961
A50_S0399,real_train,0.8580702
S60_S0642,real_train,0.88431394
S50_S0400,real_train,0.798294
S60_S0126,real_train,0.87106466
A60_S0382,real_train,0.8934564
A40_S0088,real_train,0.724997
A60_S1052,real_train,0.88183665
S50_S0529,real_train,0.8460047
S40_S0304,real_train,0.49607962
A50_S0993,real_train,0.8191673
S60_S0361,real_train,0.88273466
A40_S0259,real_train,0.73628867
S50_S0725,real_train,0.81527954
S60_S0316,real_train,0.9019115
S50_S0392,real_train,0.8435853
S70_S0571,real_train,0.87508243
S50_S0935,real_train,0.73285407
S60_S0937,real_train,0.8941858
A60_S0016,real_train,0.8852946
S60_S1014,real_train,0.8519145
S50_S1003,real_train,0.72344625
S50_S0159,real_train,0.8301272
S50_S0002,real_train,0.7478025
S60_S0462,real_train,0.85761076
S50_S1174,real_train,0.79334235
A60_S0488,real_train,0.8904938
A40_S0286,real_train,0.62438256
S40_S1091,real_train,0.6186684
A60_S0716,real_train,0.86481035
S60_S0929,real_train,0.8989894
S40_S0295,real_train,0.73040044
S60_S0223,real_train,0.87750506
A70_S0975,real_train,0.8665186
S60_S0090,real_train,0.8801891
A50_S0715,real_train,0.80395776
S60_S0539,real_train,0.8824804
A50_S0370,real_train,0.80001336
A70_S0243,real_train,0.87810224
S40_S1156,real_train,0.7468827
A50_S0630,real_train,0.80545366
S70_S0727,real_train,0.8921445
S60_S0503,real_train,0.85581535
A50_S0770,real_val,0.762515
A50_S0076,real_val,0.84551
A60_S1001,real_val,0.89941216
A60_S0739,real_val,0.8804115
A50_S0401,real_val,0.7456521
A60_S0420,real_val,0.89499635
S50_S0358,real_val,0.75942796
A70_S0676,real_val,0.8175902
S50_S1107,real_val,0.73068553
A70_S1070,real_val,0.88346535
A60_S0592,real_val,0.8887904
A60_S0182,real_val,0.87306124
S50_S0005,real_val,0.74886703
S60_S0205,real_val,0.886523
A40_S1120,real_val,0.65559053
S50_S0336,real_val,0.7722164
S50_S0621,real_val,0.84108436
S50_S0533,real_val,0.72378516
S50_S0964,real_val,0.7819082
S50_S0078,real_val,0.8409239
S50_S1055,real_val,0.82645535
S50_S0265,real_val,0.6688183
S70_S0184,real_val,0.84696984
S50_S0817,real_val,0.79003924
A60_S0417,real_val,0.8795698
S60_S0636,real_val,0.8771532
S50_S0487,real_val,0.7763396
S40_S0313,real_val,0.74961597
S60_S0823,real_val,0.8699425
A40_S0414,real_val,0.6680174
A40_S1131,real_val,0.56220275
S60_S0599,real_val,0.8366267
S30_S0857,real_val,0.4916006
S40_S0492,real_val,0.7737839
S50_S0818,real_val,0.73771304
S50_S0530,real_val,0.84810454
S60_S1147,real_val,0.90358084
A40_S0031,real_val,0.75762266
S60_S0342,real_val,0.85576475
S50_S0211,real_val,0.8300731
A70_S0333,real_val,0.8520209
S40_S0805,real_val,0.765022
S60_S0264,real_val,0.90241593
S50_S0515,real_val,0.80517644
A40_S0427,real_val,0.608714
A60_S0497,real_val,0.8123093
S50_S0498,real_val,0.80428404
A60_S0322,real_val,0.8820361
S40_S0944,real_val,0.5374825
S60_S0553,real_val,0.8740685
A40_S0385,real_val,0.60644627
A50_S0541,real_val,0.8357422
S60_S0711,real_val,0.8829346
S40_S0344,real_val,0.67555857
S60_S0273,real_val,0.8597614
S40_S0122,real_val,0.68929386
A60_S1146,real_val,0.892605
A50_S0472,real_val,0.7793159
S40_S0202,real_val,0.73777497
S50_S1069,real_val,0.82502705
S60_S1123,real_val,0.88361543
S70_S1134,real_val,0.8997096
S60_S0567,real_val,0.8595436
A70_S0436,real_val,0.87645364
S60_S0751,real_val,0.8760156
A60_S0574,real_val,0.8410191
S40_S0900,real_val,0.7339635
S60_S0209,real_val,0.8966326
A50_S0238,real_val,0.84196204
S60_S0437,real_val,0.8790679
S60_S0551,real_val,0.89007163
S60_S1101,real_val,0.86688095
S40_S0846,real_val,0.6168407
S50_S0290,real_val,0.8253319
A60_S0137,real_val,0.8708731
S60_S0060,real_val,0.8514953
A40_S0745,real_val,0.69113284
S60_S0939,real_val,0.89783204
S50_S0493,real_val,0.8115983
S50_S0684,real_val,0.77047807
A50_S0287,real_val,0.68742806
A50_S0359,real_val,0.85708463
S60_S0374,real_val,0.8585375
S50_S0638,real_val,0.8158148
S50_S0848,real_val,0.80909777
S50_S1056,real_val,0.76646256
A60_S0974,real_val,0.845496
A60_S0208,real_val,0.89106715
S50_S0778,real_val,0.76031053
A60_S0103,real_val,0.85331464
A50_S0801,real_val,0.82858914
S60_S0458,real_val,0.88628346
S60_S0038,real_val,0.8658241
A60_S1011,real_val,0.8895601
A60_S0065,real_val,0.8637553
S50_S0141,real_val,0.76766944
S50_S0406,real_val,0.8178607
A50_S0013,real_val,0.8263389
A50_S0508,real_val,0.8495813
A40_S0343,real_val,0.54768264
S50_S0279,real_val,0.8501642
S60_S1046,real_val,0.8837098
S60_S0927,real_val,0.8392267
S70_S0513,real_val,0.8510827
A50_S0059,real_val,0.8394749
S50_S0793,real_val,0.82021946
S60_S0173,real_val,0.8524959
A70_S0121,real_val,0.8783046
S30_S0693,real_val,0.53229445
A60_S0307,real_val,0.8926995
A60_S0873,real_val,0.8813214
S60_S0225,real_val,0.89263767
S60_S0718,real_val,0.87674326
S50_S0527,real_val,0.81068677
S60_S0850,real_val,0.8966923
S60_S0198,real_val,0.8543017
A60_S0965,real_val,0.81339496
A60_S0363,real_val,0.89477223
A60_S0837,real_val,0.8785562
S40_S0970,real_val,0.6807525
A60_S0386,real_val,0.8796985
S40_S1133,real_val,0.7597474
A50_S0212,real_val,0.794928
S50_S0613,real_val,0.84917915
S60_S0955,real_val,0.85348487
S40_S1004,real_val,0.5803261
S50_S0435,real_val,0.84321386
S60_S0256,real_val,0.8983582
S50_S1100,real_val,0.75977993
S50_S0220,real_val,0.8193932
A50_S0389,real_val,0.5720037
S40_S1000,real_val,0.77243304
S60_S1085,real_val,0.88216716
S60_S0398,real_val,0.8884876
A60_S0892,real_val,0.8678413
S60_S0797,real_val,0.8793024
S40_S0084,real_val,0.7060532
S50_S0545,real_val,0.8213189
S40_S0118,real_val,0.74374545
S60_S0967,real_val,0.87714535
A60_S1157,real_val,0.86375594
S50_S0505,real_val,0.7998395
A50_S0986,real_val,0.8486934
S40_S0051,real_val,0.74195176
S60_S0568,real_val,0.86035484
A60_S0717,real_val,0.8756746
S40_S0963,real_val,0.72963923
A40_S0604,real_val,0.57020485
S50_S0049,real_val,0.79549307
A50_S0434,real_val,0.72810996
S50_S0615,real_val,0.81509835
S60_S0668,real_val,0.88464165
S60_S0952,real_val,0.9008299
S30_S0133,real_val,0.5173158
S60_S0216,real_val,0.8544479
S60_S0136,real_val,0.86215186
S50_S0954,real_val,0.79685473
A50_S1010,real_val,0.842777
A60_S1090,real_val,0.89316934
S50_S0288,real_val,0.8182241
A60_S0393,real_test,0.88686734
A60_S0151,real_test,0.89702535
S40_S0917,real_test,0.70013297
A50_S0007,real_test,0.71154344
S40_S0595,real_test,0.45888317
S50_S0015,real_test,0.8394471
A60_S0027,real_test,0.8413385
S50_S1068,real_test,0.8378742
S50_S0334,real_test,0.8000985
S40_S0886,real_test,0.46736234
S50_S0249,real_test,0.80802625
S50_S0028,real_test,0.7793855
A60_S0689,real_test,0.894246
S60_S0161,real_test,0.8768655
A60_S0910,real_test,0.892719
S60_S1012,real_test,0.84020895
S50_S0074,real_test,0.85149485
S50_S0275,real_test,0.84733087
S60_S0991,real_test,0.8723613
A50_S0808,real_test,0.845144
S50_S0750,real_test,0.82843924
S60_S1140,real_test,0.8514702
S60_S0294,real_test,0.89073706
A30_S0285,real_test,0.49935263
A60_S0713,real_test,0.88277864
A50_S0155,real_test,0.814895
A60_S0440,real_test,0.8976285
A70_S0095,real_test,0.8560326
A60_S0786,real_test,0.89032567
S40_S1152,real_test,0.7820695
S50_S0607,real_test,0.83088404
S60_S0075,real_test,0.8748775
S60_S0657,real_test,0.88935065
A50_S0945,real_test,0.8401392
A50_S0152,real_test,0.6438213
S60_S0062,real_test,0.87036556
A50_S1193,real_test,0.8599999
A50_S0058,real_test,0.8375113
S60_S1081,real_test,0.87205464
A40_S0904,real_test,0.68379337
S50_S0452,real_test,0.8576183
S60_S0531,real_test,0.83439404
S40_S0378,real_test,0.7288845
S50_S1053,real_test,0.7558438
S50_S0746,real_test,0.8177742
S70_S0113,real_test,0.8641207
S60_S0730,real_test,0.85635155
S60_S0375,real_test,0.89040947
S50_S1051,real_test,0.81773436
S60_S0231,real_test,0.8581979
S50_S1075,real_test,0.82928383
S50_S0014,real_test,0.8464154
S50_S0448,real_test,0.8307054
S30_S0999,real_test,0.6175332
S50_S0379,real_test,0.83175623
S50_S0270,real_test,0.8466167
S70_S0923,real_test,0.87768835
A50_S1059,real_test,0.8364456
S60_S0631,real_test,0.8877873
S50_S0057,real_test,0.77634656
A50_S0626,real_test,0.8512121
S50_S0632,real_test,0.7824473
A50_S0236,real_test,0.8105469
A50_S0543,real_test,0.8443363
S50_S1178,real_test,0.6803351
S40_S0197,real_test,0.5585888
S50_S0215,real_test,0.7533515
A50_S0281,real_test,0.8206912
S70_S0477,real_test,0.89328635
S50_S0020,real_test,0.80832946
S40_S0764,real_test,0.46012497
S60_S0836,real_test,0.8697432
S60_S0807,real_test,0.90079474
S50_S0086,real_test,0.8439851
S50_S0097,real_test,0.8457086
A50_S1106,real_test,0.73520005
S40_S0690,real_test,0.6788793
S30_S0799,real_test,0.50298864
A40_S1182,real_test,0.7057584
A70_S0289,real_test,0.8941684
S60_S1022,real_test,0.86277676
S50_S0719,real_test,0.828145
S50_S0165,real_test,0.7233088
A60_S0617,real_test,0.8698526
S50_S0454,real_test,0.813069
S50_S0409,real_test,0.81850886
S60_S0144,real_test,0.8855994
S50_S0893,real_test,0.7860207
A60_S0985,real_test,0.8911336
S50_S1124,real_test,0.81994075
A50_S0130,real_test,0.84060925
A40_S0070,real_test,0.6209647
S50_S0125,real_test,0.8289135
S60_S0490,real_test,0.8536911
S60_S0150,real_test,0.8817496
S50_S0838,real_test,0.79548234
A50_S0517,real_test,0.81542134
S30_S0433,real_test,0.58311653
A50_S0042,real_test,0.8191279
A60_S0852,real_test,0.8582557
S50_S0067,real_test,0.82599866
S40_S0589,real_test,0.7219656
A50_S0784,real_test,0.6892788
S30_S0429,real_test,0.5265538
S60_S0416,real_test,0.88703346
S50_S0791,real_test,0.8023467
S50_S0321,real_test,0.81653535
S50_S0819,real_test,0.7895011
S60_S0510,real_test,0.84882283
A30_S0239,real_test,0.6325538
S50_S0459,real_test,0.78338933
A60_S1092,real_test,0.87230194
S40_S0096,real_test,0.6723045
A60_S1027,real_test,0.8680666
A60_S0175,real_test,0.86310446
S50_S0312,real_test,0.775164
S50_S1013,real_test,0.83008647
S50_S0686,real_test,0.7169915
A50_S0578,real_test,0.8474948
A60_S0523,real_test,0.87730396
S50_S0769,real_test,0.8216038
A60_S0800,real_test,0.8762652
A50_S0424,real_test,0.85348123
A40_S0314,real_test,0.6339448
A50_S1187,real_test,0.7240013
S50_S0489,real_test,0.82740635
A50_S0283,real_test,0.8543035
S50_S1115,real_test,0.78487045
S60_S0809,real_test,0.883259
A70_S0881,real_test,0.8284598
S60_S0629,real_test,0.8841424
S50_S0777,real_test,0.8226905
S70_S1184,real_test,0.89218587
S40_S1125,real_test,0.7573243
A60_S0798,real_test,0.8846585
A60_S0549,real_test,0.8753351
A60_S0157,real_test,0.8842603
S60_S0300,real_test,0.8884503
S50_S1109,real_test,0.8098711
S50_S1076,real_test,0.8298863
S40_S0755,real_test,0.71924925
S50_S0460,real_test,0.6106766
S50_S1176,real_test,0.74506
S40_S0178,real_test,0.7720994
S60_S0697,real_test,0.887424
S50_S1113,real_test,0.8007732
S50_S1025,real_test,0.83118063
S50_S0792,real_test,0.80493164
S50_S1067,real_test,0.8438147
S60_S0831,real_test,0.86675084
S50_S0115,real_test,0.81751686
A50_S0478,real_test,0.8301074
S60_S1111,real_test,0.89522445
S60_S0438,real_test,0.8744422
A60_S0255,real_test,0.87976557
S60_S0742,real_test,0.8936505
S60_S0168,real_test,0.86194694
A60_S0071,real_test,0.8957142
A40_S0457,real_test,0.7045664
S40_S0608,real_test,0.75205535
A30_S0833,fake_biased,0.42094883
A40_S0017,fake_biased,0.69285834
A40_S0026,fake_biased,0.6579682
A40_S0143,fake_biased,0.6636834
A40_S0153,fake_biased,0.63288885
A40_S0192,fake_biased,0.6519801
A40_S0239,fake_biased,0.65994245
A40_S0251,fake_biased,0.7178467
A40_S0285,fake_biased,0.40429556
A40_S0286,fake_biased,0.5923563
A40_S0343,fake_biased,0.72379106
A40_S0351,fake_biased,0.7031529
A40_S0371,fake_biased,0.24198437
A40_S0377,fake_biased,0.7252939
A40_S0414,fake_biased,0.7085406
A40_S0455,fake_biased,0.71978885
A40_S0469,fake_biased,0.623654
A40_S0471,fake_biased,0.65342295
A40_S0518,fake_biased,0.7146478
A40_S0581,fake_biased,0.6557201
A40_S0604,fake_biased,0.70702744
A40_S0646,fake_biased,0.71437573
A40_S0745,fake_biased,0.68132514
A40_S0772,fake_biased,0.68105733
A40_S0904,fake_biased,0.7080503
A40_S0978,fake_biased,0.7269178
A40_S1079,fake_biased,0.6794545
A40_S1120,fake_biased,0.70956403
A40_S1150,fake_biased,0.64544976
A40_S1182,fake_biased,0.70161194
A50_S0007,fake_biased,0.051078618
A50_S0029,fake_biased,0.052373353
A50_S0031,fake_biased,0.057299923
A50_S0041,fake_biased,0.2758122
A50_S0042,fake_biased,0.050946698
A50_S0070,fake_biased,0.05468434
A50_S0088,fake_biased,0.05104344
A50_S0109,fake_biased,0.050862875
A50_S0152,fake_biased,0.049612407
A50_S0180,fake_biased,0.049791913
A50_S0187,fake_biased,0.04942077
A50_S0219,fake_biased,0.07811893
A50_S0236,fake_biased,0.052109797
A50_S0248,fake_biased,0.05889015
A50_S0259,fake_biased,0.05289543
A50_S0276,fake_biased,0.049344264
A50_S0287,fake_biased,0.049822155
A50_S0310,fake_biased,0.051160406
A50_S0314,fake_biased,0.1832441
A50_S0331,fake_biased,0.054326918
A50_S0345,fake_biased,0.051143102
A50_S0370,fake_biased,0.04933306
A50_S0385,fake_biased,0.5625488
A50_S0389,fake_biased,0.050449524
A50_S0394,fake_biased,0.04874678
A50_S0396,fake_biased,0.050132338
A50_S0401,fake_biased,0.048959706
A50_S0418,fake_biased,0.049951363
A50_S0427,fake_biased,0.5347344
A50_S0432,fake_biased,0.049352195
A50_S0434,fake_biased,0.048694424
A50_S0442,fake_biased,0.049642835
A50_S0445,fake_biased,0.051145364
A50_S0457,fake_biased,0.060536895
A50_S0472,fake_biased,0.048875406
A50_S0507,fake_biased,0.051628616
A50_S0566,fake_biased,0.047871213
A50_S0573,fake_biased,0.07706464
A50_S0580,fake_biased,0.1793824
A50_S0598,fake_biased,0.0507213
A50_S0612,fake_biased,0.053254545
A50_S0616,fake_biased,0.048699185
A50_S0624,fake_biased,0.27123493
A50_S0630,fake_biased,0.048032816
A50_S0637,fake_biased,0.051492006
A50_S0644,fake_biased,0.053164124
A50_S0663,fake_biased,0.04914835
A50_S0670,fake_biased,0.05192355
A50_S0702,fake_biased,0.2083704
A50_S0714,fake_biased,0.048684847
A50_S0720,fake_biased,0.049956232
A50_S0757,fake_biased,0.049033985
A50_S0765,fake_biased,0.052923445
A50_S0770,fake_biased,0.04901075
A50_S0784,fake_biased,0.051028457
A50_S0813,fake_biased,0.7136942
A50_S0859,fake_biased,0.69454265
A50_S0866,fake_biased,0.048520405
A50_S0880,fake_biased,0.12349361
A50_S0887,fake_biased,0.049075164
A50_S0895,fake_biased,0.049387507
A50_S0911,fake_biased,0.049685437
A50_S0914,fake_biased,0.05184502
A50_S0933,fake_biased,0.049684417
A50_S0941,fake_biased,0.12347234
A50_S0959,fake_biased,0.04972978
A50_S0960,fake_biased,0.05111019
A50_S0972,fake_biased,0.050865453
A50_S0993,fake_biased,0.050425466
A50_S0997,fake_biased,0.050464585
A50_S0998,fake_biased,0.115924336
A50_S1044,fake_biased,0.049721997
A50_S1048,fake_biased,0.34763563
A50_S1097,fake_biased,0.050663963
A50_S1103,fake_biased,0.048326466
A50_S1106,fake_biased,0.04945754
A50_S1131,fake_biased,0.054228935
A50_S1141,fake_biased,0.050000913
A50_S1143,fake_biased,0.4454682
A50_S1145,fake_biased,0.090562955
A50_S1187,fake_biased,0.050358787
A50_S1194,fake_biased,0.049289614
A60_S0006,fake_biased,0.051818933
A60_S0013,fake_biased,0.052335303
A60_S0018,fake_biased,0.052190118
A60_S0032,fake_biased,0.053279363
A60_S0033,fake_biased,0.052925155
A60_S0047,fake_biased,0.050992075
A60_S0050,fake_biased,0.052306533
A60_S0058,fake_biased,0.05241617
A60_S0059,fake_biased,0.052662473
A60_S0061,fake_biased,0.05225069
A60_S0063,fake_biased,0.05228225
A60_S0065,fake_biased,0.052491482
A60_S0076,fake_biased,0.052106712
A60_S0077,fake_biased,0.05257757
A60_S0102,fake_biased,0.052275505
A60_S0112,fake_biased,0.051199123
A60_S0124,fake_biased,0.052324586
A60_S0130,fake_biased,0.052608576
A60_S0137,fake_biased,0.051148396
A60_S0155,fake_biased,0.052225932
A60_S0169,fake_biased,0.052409105
A60_S0170,fake_biased,0.0527541
A60_S0175,fake_biased,0.05133476
A60_S0179,fake_biased,0.052382424
A60_S0200,fake_biased,0.05222804
A60_S0212,fake_biased,0.052281972
A60_S0238,fake_biased,0.052667424
A60_S0245,fake_biased,0.05320036
A60_S0253,fake_biased,0.052776735
A60_S0255,fake_biased,0.053625055
A60_S0262,fake_biased,0.052373473
A60_S0269,fake_biased,0.052082364
A60_S0277,fake_biased,0.05072711
A60_S0281,fake_biased,0.052330025
A60_S0282,fake_biased,0.051818747
A60_S0283,fake_biased,0.051934198
A60_S0293,fake_biased,0.051427335
A60_S0296,fake_biased,0.051284187
A60_S0308,fake_biased,0.050677307
A60_S0315,fake_biased,0.051363472
A60_S0318,fake_biased,0.052289132
A60_S0322,fake_biased,0.053635243
A60_S0347,fake_biased,0.050874405
A60_S0349,fake_biased,0.053306717
A60_S0359,fake_biased,0.051866926
A60_S0364,fake_biased,0.05173512
A60_S0367,fake_biased,0.05150888
A60_S0373,fake_biased,0.052453462
A60_S0386,fake_biased,0.05070583
A60_S0393,fake_biased,0.052001685
A60_S0399,fake_biased,0.05300508
A60_S0403,fake_biased,0.05217271
A60_S0417,fake_biased,0.05158867
A60_S0424,fake_biased,0.051876638
A60_S0463,fake_biased,0.052764986
A60_S0476,fake_biased,0.051612392
A60_S0478,fake_biased,0.051920183
A60_S0479,fake_biased,0.052534908
A60_S0483,fake_biased,0.05258779
A60_S0486,fake_biased,0.05420115
A60_S0491,fake_biased,0.051645733
A60_S0497,fake_biased,0.052492175
A60_S0501,fake_biased,0.05230089
A60_S0508,fake_biased,0.05256249
A60_S0509,fake_biased,0.052258134
A60_S0517,fake_biased,0.0516894
A60_S0523,fake_biased,0.052363157
A60_S0536,fake_biased,0.05083755
A60_S0538,fake_biased,0.05238925
A60_S0541,fake_biased,0.053199023
A60_S0543,fake_biased,0.052702542
A60_S0549,fake_biased,0.051197
A60_S0555,fake_biased,0.052251417
A60_S0574,fake_biased,0.052753657
A60_S0578,fake_biased,0.05255322
A60_S0584,fake_biased,0.053021647
A60_S0586,fake_biased,0.05289511
A60_S0594,fake_biased,0.051503837
A60_S0596,fake_biased,0.05055383
A60_S0601,fake_biased,0.052660007
A60_S0614,fake_biased,0.0517071
A60_S0617,fake_biased,0.050936908
A60_S0618,fake_biased,0.05249983
A60_S0620,fake_biased,0.05215522
A60_S0626,fake_biased,0.052524675
A60_S0640,fake_biased,0.053690605
A60_S0658,fake_biased,0.051366527
A60_S0669,fake_biased,0.05065801
A60_S0672,fake_biased,0.052229516
A60_S0687,fake_biased,0.052123614
A60_S0688,fake_biased,0.052198112
A60_S0696,fake_biased,0.05158266
A60_S0708,fake_biased,0.05220472
A60_S0715,fake_biased,0.053931713
A60_S0716,fake_biased,0.052500904
A60_S0717,fake_biased,0.05148386
A60_S0737,fake_biased,0.05038116
A60_S0739,fake_biased,0.050600246
A60_S0744,fake_biased,0.052083626
A60_S0752,fake_biased,0.052307714
A60_S0760,fake_biased,0.05140064
A60_S0782,fake_biased,0.051650815
A60_S0783,fake_biased,0.051490758
A60_S0789,fake_biased,0.05193636
A60_S0795,fake_biased,0.05261989
A60_S0798,fake_biased,0.05167279
A60_S0801,fake_biased,0.0530902
A60_S0802,fake_biased,0.053017374
A60_S0808,fake_biased,0.05314556
A60_S0810,fake_biased,0.05340452
A60_S0816,fake_biased,0.05301189
A60_S0837,fake_biased,0.053554736
A60_S0852,fake_biased,0.052465815
A60_S0855,fake_biased,0.052759696
A60_S0867,fake_biased,0.051437475
A60_S0871,fake_biased,0.052862186
A60_S0872,fake_biased,0.053231865
A60_S0873,fake_biased,0.052238364
A60_S0882,fake_biased,0.05258994
A60_S0889,fake_biased,0.052507564
A60_S0890,fake_biased,0.051293246
A60_S0892,fake_biased,0.052827153
A60_S0918,fake_biased,0.054237843
A60_S0931,fake_biased,0.05247925
A60_S0934,fake_biased,0.051353645
A60_S0945,fake_biased,0.052041315
A60_S0949,fake_biased,0.051379163
A60_S0965,fake_biased,0.051731978
A60_S0973,fake_biased,0.053096574
A60_S0974,fake_biased,0.051720526
A60_S0980,fake_biased,0.052424915
A60_S0986,fake_biased,0.052348427
A60_S1010,fake_biased,0.053092975
A60_S1011,fake_biased,0.051286157
A60_S1019,fake_biased,0.0517183
A60_S1027,fake_biased,0.051298574
A60_S1028,fake_biased,0.05139879
A60_S1030,fake_biased,0.0538455
A60_S1032,fake_biased,0.051981043
A60_S1038,fake_biased,0.05260954
A60_S1041,fake_biased,0.052843623
A60_S1052,fake_biased,0.050491177
A60_S1054,fake_biased,0.0524573
A60_S1059,fake_biased,0.05128526
A60_S1077,fake_biased,0.053515736
A60_S1082,fake_biased,0.05290438
A60_S1092,fake_biased,0.051175535
A60_S1121,fake_biased,0.05150761
A60_S1157,fake_biased,0.05142472
A60_S1159,fake_biased,0.051917367
A60_S1183,fake_biased,0.054179735
A60_S1192,fake_biased,0.052493267
A60_S1193,fake_biased,0.052883916
A70_S0003,fake_biased,0.050007716
A70_S0010,fake_biased,0.049723092
A70_S0016,fake_biased,0.05012082
A70_S0025,fake_biased,0.05077555
A70_S0027,fake_biased,0.050942592
A70_S0044,fake_biased,0.04945486
A70_S0068,fake_biased,0.0487823
A70_S0071,fake_biased,0.04994964
A70_S0087,fake_biased,0.05093294
A70_S0093,fake_biased,0.050230477
A70_S0095,fake_biased,0.0496921
A70_S0098,fake_biased,0.051117264
A70_S0103,fake_biased,0.049622517
A70_S0111,fake_biased,0.04883481
A70_S0114,fake_biased,0.05086988
A70_S0120,fake_biased,0.0495307
A70_S0121,fake_biased,0.049587656
A70_S0140,fake_biased,0.050111406
A70_S0151,fake_biased,0.052257974
A70_S0157,fake_biased,0.050476845
A70_S0167,fake_biased,0.051609322
A70_S0182,fake_biased,0.050486214
A70_S0190,fake_biased,0.048238188
A70_S0201,fake_biased,0.050425433
A70_S0206,fake_biased,0.050387956
A70_S0208,fake_biased,0.05003533
A70_S0228,fake_biased,0.050814364
A70_S0243,fake_biased,0.049317516
A70_S0244,fake_biased,0.049860366
A70_S0254,fake_biased,0.04857874
A70_S0258,fake_biased,0.050666247
A70_S0261,fake_biased,0.050321735
A70_S0278,fake_biased,0.049963646
A70_S0289,fake_biased,0.049093984
A70_S0298,fake_biased,0.048345152
A70_S0299,fake_biased,0.050289467
A70_S0307,fake_biased,0.05031556
A70_S0311,fake_biased,0.049502265
A70_S0333,fake_biased,0.049127895
A70_S0363,fake_biased,0.04930693
A70_S0382,fake_biased,0.05043821
A70_S0384,fake_biased,0.05130715
A70_S0412,fake_biased,0.051623262
A70_S0420,fake_biased,0.05054122
A70_S0436,fake_biased,0.04912556
A70_S0440,fake_biased,0.051199906
A70_S0465,fake_biased,0.050751824
A70_S0467,fake_biased,0.04940294
A70_S0482,fake_biased,0.049010266
A70_S0488,fake_biased,0.050369605
A70_S0506,fake_biased,0.049330216
A70_S0528,fake_biased,0.049589187
A70_S0554,fake_biased,0.04966333
A70_S0592,fake_biased,0.050604057
A70_S0623,fake_biased,0.04999967
A70_S0645,fake_biased,0.04882203
A70_S0652,fake_biased,0.05027219
A70_S0661,fake_biased,0.049468435
A70_S0673,fake_biased,0.049662683
A70_S0675,fake_biased,0.04874985
A70_S0676,fake_biased,0.049000748
A70_S0689,fake_biased,0.0500552
A70_S0691,fake_biased,0.048993018
A70_S0699,fake_biased,0.048487823
A70_S0710,fake_biased,0.04848629
A70_S0713,fake_biased,0.049822867
A70_S0721,fake_biased,0.04972123
A70_S0729,fake_biased,0.048497397
A70_S0731,fake_biased,0.0487975
A70_S0748,fake_biased,0.050137132
A70_S0761,fake_biased,0.050320663
A70_S0762,fake_biased,0.05008851
A70_S0774,fake_biased,0.05027214
A70_S0786,fake_biased,0.052147664
A70_S0796,fake_biased,0.051114578
A70_S0800,fake_biased,0.049392443
A70_S0803,fake_biased,0.050462242
A70_S0820,fake_biased,0.048568383
A70_S0839,fake_biased,0.049603876
A70_S0853,fake_biased,0.048611965
A70_S0869,fake_biased,0.050265
A70_S0881,fake_biased,0.050415393
A70_S0896,fake_biased,0.048454043
A70_S0910,fake_biased,0.051172476
A70_S0926,fake_biased,0.04924279
A70_S0947,fake_biased,0.048913654
A70_S0953,fake_biased,0.05037178
A70_S0957,fake_biased,0.050387662
A70_S0962,fake_biased,0.050627302
A70_S0975,fake_biased,0.049890865
A70_S0985,fake_biased,0.04926284
A70_S1001,fake_biased,0.050712578
A70_S1020,fake_biased,0.050767828
A70_S1029,fake_biased,0.049178105
A70_S1058,fake_biased,0.05003447
A70_S1070,fake_biased,0.04979856
A70_S1090,fake_biased,0.049925856
A70_S1146,fake_biased,0.051295456
A70_S1155,fake_biased,0.04976414
A70_S1171,fake_biased,0.049545333
A70_S1172,fake_biased,0.050538823
A70_S1173,fake_biased,0.04988792
A70_S1186,fake_biased,0.05059014
A80_S0004,fake_biased,0.048985463
A80_S0040,fake_biased,0.048931554
A80_S0069,fake_biased,0.048995372
A80_S0146,fake_biased,0.074535824
A80_S0149,fake_biased,0.048398618
A80_S0154,fake_biased,0.04952651
A80_S0341,fake_biased,0.048760187
A80_S0365,fake_biased,0.0491936
A80_S0419,fake_biased,0.049964
A80_S0422,fake_biased,0.04888258
A80_S0473,fake_biased,0.049044456
A80_S0496,fake_biased,0.050070316
A80_S0560,fake_biased,0.049776334
A80_S0569,fake_biased,0.049495813
A80_S0579,fake_biased,0.048638172
A80_S0605,fake_biased,0.04900388
A80_S0679,fake_biased,0.049245343
A80_S0726,fake_biased,0.04870265
A80_S0749,fake_biased,0.048570078
A80_S0785,fake_biased,0.048407543
A80_S0920,fake_biased,0.048651233
A80_S0977,fake_biased,0.04902152
A80_S0995,fake_biased,0.04937779
A80_S1026,fake_biased,0.061707683
A80_S1037,fake_biased,0.04871793
A80_S1061,fake_biased,0.048817966
A80_S1065,fake_biased,0.04873374
A80_S1089,fake_biased,0.04869692
A80_S1093,fake_biased,0.048555244
A80_S1099,fake_biased,0.048564836
A80_S1128,fake_biased,0.049525786
A90_S0107,fake_biased,0.04645279
S30_S0387,fake_biased,0.54914474
S30_S0429,fake_biased,0.49675375
S30_S0857,fake_biased,0.2706718
S30_S0968,fake_biased,0.5975152
S40_S0023,fake_biased,0.59278595
S40_S0036,fake_biased,0.6854206
S40_S0080,fake_biased,0.43182838
S40_S0084,fake_biased,0.69683033
S40_S0096,fake_biased,0.65382695
S40_S0099,fake_biased,0.6679999
S40_S0101,fake_biased,0.25761646
S40_S0108,fake_biased,0.67149746
S40_S0133,fake_biased,0.41729733
S40_S0234,fake_biased,0.5687377
S40_S0260,fake_biased,0.6822004
S40_S0304,fake_biased,0.7106411
S40_S0327,fake_biased,0.60245556
S40_S0344,fake_biased,0.6941763
S40_S0346,fake_biased,0.14242117
S40_S0402,fake_biased,0.67347276
S40_S0433,fake_biased,0.6313916
S40_S0439,fake_biased,0.38232407
S40_S0540,fake_biased,0.6987094
S40_S0583,fake_biased,0.6676529
S40_S0591,fake_biased,0.7081199
S40_S0595,fake_biased,0.33556262
S40_S0619,fake_biased,0.66402286
S40_S0690,fake_biased,0.7013212
S40_S0693,fake_biased,0.5845349
S40_S0734,fake_biased,0.64439625
S40_S0747,fake_biased,0.6908682
S40_S0764,fake_biased,0.6030674
S40_S0766,fake_biased,0.6731004
S40_S0799,fake_biased,0.35179517
S40_S0806,fake_biased,0.6961318
S40_S0825,fake_biased,0.68565327
S40_S0826,fake_biased,0.6978412
S40_S0846,fake_biased,0.69193625
S40_S0883,fake_biased,0.6953208
S40_S0886,fake_biased,0.60628086
S40_S0901,fake_biased,0.60494035
S40_S0908,fake_biased,0.68592554
S40_S0944,fake_biased,0.408273
S40_S0961,fake_biased,0.33517388
S40_S0970,fake_biased,0.6713535
S40_S0999,fake_biased,0.63708025
S40_S1015,fake_biased,0.65671855
S40_S1064,fake_biased,0.5700301
S40_S1083,fake_biased,0.67833906
S50_S0002,fake_biased,0.051072374
S50_S0028,fake_biased,0.050819196
S50_S0046,fake_biased,0.05226331
S50_S0049,fake_biased,0.04967171
S50_S0051,fake_biased,0.13868809
S50_S0053,fake_biased,0.05043005
S50_S0054,fake_biased,0.04985963
S50_S0055,fake_biased,0.05194687
S50_S0057,fake_biased,0.051592916
S50_S0066,fake_biased,0.050990254
S50_S0073,fake_biased,0.6121138
S50_S0091,fake_biased,0.34880564
S50_S0110,fake_biased,0.0518876
S50_S0116,fake_biased,0.04874395
S50_S0118,fake_biased,0.05218165
S50_S0122,fake_biased,0.62621564
S50_S0131,fake_biased,0.050418276
S50_S0132,fake_biased,0.21305275
S50_S0135,fake_biased,0.08329025
S50_S0141,fake_biased,0.048410345
S50_S0145,fake_biased,0.052580908
S50_S0148,fake_biased,0.04775273
S50_S0156,fake_biased,0.0550796
S50_S0164,fake_biased,0.70210475
S50_S0165,fake_biased,0.050061192
S50_S0166,fake_biased,0.04826846
S50_S0177,fake_biased,0.05326986
S50_S0178,fake_biased,0.04992165
S50_S0181,fake_biased,0.31863484
S50_S0185,fake_biased,0.05176881
S50_S0191,fake_biased,0.051733993
S50_S0193,fake_biased,0.52800035
S50_S0195,fake_biased,0.05066867
S50_S0197,fake_biased,0.056785595
S50_S0202,fake_biased,0.15848868
S50_S0226,fake_biased,0.049101572
S50_S0235,fake_biased,0.05348748
S50_S0240,fake_biased,0.11002008
S50_S0249,fake_biased,0.04870381
S50_S0252,fake_biased,0.047985718
S50_S0265,fake_biased,0.052224223
S50_S0266,fake_biased,0.04991297
S50_S0268,fake_biased,0.05061712
S50_S0274,fake_biased,0.052023135
S50_S0284,fake_biased,0.04968326
S50_S0288,fake_biased,0.051357497
S50_S0295,fake_biased,0.0510273
S50_S0303,fake_biased,0.08520282
S50_S0312,fake_biased,0.05296823
S50_S0313,fake_biased,0.060661644
S50_S0323,fake_biased,0.11170785
S50_S0329,fake_biased,0.05133993
S50_S0336,fake_biased,0.049499054
S50_S0352,fake_biased,0.051403217
S50_S0354,fake_biased,0.11795363
S50_S0355,fake_biased,0.4166699
S50_S0358,fake_biased,0.051381227
S50_S0360,fake_biased,0.05222657
S50_S0362,fake_biased,0.047886953
S50_S0366,fake_biased,0.052096684
S50_S0378,fake_biased,0.28270188
S50_S0380,fake_biased,0.5591365
S50_S0388,fake_biased,0.052192073
S50_S0404,fake_biased,0.051312316
S50_S0406,fake_biased,0.05153154
S50_S0410,fake_biased,0.55951077
S50_S0411,fake_biased,0.05645892
S50_S0421,fake_biased,0.050772976
S50_S0425,fake_biased,0.21745238
S50_S0428,fake_biased,0.050563473
S50_S0441,fake_biased,0.048602313
S50_S0444,fake_biased,0.49565786
S50_S0451,fake_biased,0.04967
S50_S0453,fake_biased,0.061275315
S50_S0459,fake_biased,0.048141636
S50_S0460,fake_biased,0.052878592
S50_S0464,fake_biased,0.051071167
S50_S0468,fake_biased,0.051203255
S50_S0470,fake_biased,0.2794047
S50_S0484,fake_biased,0.051215317
S50_S0487,fake_biased,0.053871155
S50_S0492,fake_biased,0.051041573
S50_S0498,fake_biased,0.04979714
S50_S0505,fake_biased,0.05097772
S50_S0521,fake_biased,0.05052895
S50_S0527,fake_biased,0.04870189
S50_S0533,fake_biased,0.050536297
S50_S0534,fake_biased,0.048209623
S50_S0544,fake_biased,0.20844974
S50_S0550,fake_biased,0.052304916
S50_S0559,fake_biased,0.050696366
S50_S0582,fake_biased,0.051275764
S50_S0585,fake_biased,0.04917909
S50_S0589,fake_biased,0.31869894
S50_S0602,fake_biased,0.053660262
S50_S0608,fake_biased,0.06043188
S50_S0615,fake_biased,0.050934017
S50_S0622,fake_biased,0.05234682
S50_S0625,fake_biased,0.05124668
S50_S0632,fake_biased,0.051325914
S50_S0633,fake_biased,0.04906064
S50_S0638,fake_biased,0.052289195
S50_S0639,fake_biased,0.05035818
S50_S0648,fake_biased,0.05238562
S50_S0649,fake_biased,0.049010854
S50_S0659,fake_biased,0.11956567
S50_S0665,fake_biased,0.09729103
S50_S0671,fake_biased,0.049910273
S50_S0674,fake_biased,0.06868226
S50_S0678,fake_biased,0.051137872
S50_S0680,fake_biased,0.05023833
S50_S0681,fake_biased,0.58042836
S50_S0683,fake_biased,0.100719705
S50_S0684,fake_biased,0.05081678
S50_S0686,fake_biased,0.053098775
S50_S0694,fake_biased,0.050976932
S50_S0703,fake_biased,0.051691085
S50_S0706,fake_biased,0.5320435
S50_S0712,fake_biased,0.10709082
S50_S0725,fake_biased,0.050429836
S50_S0732,fake_biased,0.1822742
S50_S0733,fake_biased,0.04986097
S50_S0736,fake_biased,0.051571786
S50_S0746,fake_biased,0.051764827
S50_S0755,fake_biased,0.056227252
S50_S0767,fake_biased,0.052298155
S50_S0775,fake_biased,0.048271835
S50_S0778,fake_biased,0.049274113
S50_S0780,fake_biased,0.049536794
S50_S0791,fake_biased,0.049070027
S50_S0792,fake_biased,0.04898968
S50_S0793,fake_biased,0.050706413
S50_S0805,fake_biased,0.06185243
S50_S0812,fake_biased,0.048530508
S50_S0817,fake_biased,0.048111565
S50_S0818,fake_biased,0.049700376
S50_S0819,fake_biased,0.052319147
S50_S0828,fake_biased,0.050975643
S50_S0838,fake_biased,0.048468567
S50_S0847,fake_biased,0.05272288
S50_S0848,fake_biased,0.052202925
S50_S0849,fake_biased,0.15033793
S50_S0870,fake_biased,0.048661288
S50_S0885,fake_biased,0.066219926
S50_S0891,fake_biased,0.049312748
S50_S0893,fake_biased,0.050733104
S50_S0898,fake_biased,0.0703186
S50_S0900,fake_biased,0.1820607
S50_S0903,fake_biased,0.10221544
S50_S0906,fake_biased,0.050523512
S50_S0915,fake_biased,0.049959347
S50_S0917,fake_biased,0.11255716
S50_S0924,fake_biased,0.04880923
S50_S0930,fake_biased,0.5999947
S50_S0935,fake_biased,0.049624678
S50_S0950,fake_biased,0.052559536
S50_S0958,fake_biased,0.047843006
S50_S0963,fake_biased,0.5092226
S50_S0964,fake_biased,0.054378353
S50_S0979,fake_biased,0.6199039
S50_S0989,fake_biased,0.050218374
S50_S1000,fake_biased,0.05009682
S50_S1002,fake_biased,0.315115
S50_S1003,fake_biased,0.05130282
S50_S1004,fake_biased,0.06403569
S50_S1007,fake_biased,0.048929825
S50_S1008,fake_biased,0.05176909
S50_S1034,fake_biased,0.10738266
S50_S1047,fake_biased,0.04906597
S50_S1049,fake_biased,0.050427184
S50_S1050,fake_biased,0.04986285
S50_S1053,fake_biased,0.048610378
S50_S1056,fake_biased,0.05259501
S50_S1057,fake_biased,0.12275673
S50_S1069,fake_biased,0.054044746
S50_S1072,fake_biased,0.048775148
S50_S1078,fake_biased,0.052523896
S50_S1087,fake_biased,0.6693199
S50_S1091,fake_biased,0.10659392
S50_S1094,fake_biased,0.050698265
S50_S1095,fake_biased,0.04809922
S50_S1104,fake_biased,0.14945479
S50_S1107,fake_biased,0.051944435
S50_S1109,fake_biased,0.050731666
S50_S1112,fake_biased,0.053624827
S50_S1113,fake_biased,0.05130486
S50_S1115,fake_biased,0.04892875
S50_S1119,fake_biased,0.050103772
S50_S1125,fake_biased,0.05065419
S50_S1126,fake_biased,0.25503045
S50_S1133,fake_biased,0.057745606
S50_S1136,fake_biased,0.054325372
S50_S1138,fake_biased,0.051787104
S50_S1152,fake_biased,0.049858525
S50_S1156,fake_biased,0.054263614
S50_S1161,fake_biased,0.048919328
S50_S1162,fake_biased,0.6094657
S50_S1174,fake_biased,0.048762947
S50_S1176,fake_biased,0.055205368
S50_S1178,fake_biased,0.050785016
S50_S1180,fake_biased,0.074446686
S50_S1188,fake_biased,0.05091545
S50_S1189,fake_biased,0.04794185
S50_S1195,fake_biased,0.37512916
S50_S1196,fake_biased,0.28586972
S50_S1197,fake_biased,0.10413635
S50_S1199,fake_biased,0.08117803
S60_S0001,fake_biased,0.053259425
S60_S0005,fake_biased,0.054606333
S60_S0012,fake_biased,0.053602412
S60_S0014,fake_biased,0.05271108
S60_S0015,fake_biased,0.053654574
S60_S0019,fake_biased,0.051948205
S60_S0020,fake_biased,0.05239258
S60_S0021,fake_biased,0.052945565
S60_S0022,fake_biased,0.052504968
S60_S0024,fake_biased,0.050660647
S60_S0030,fake_biased,0.05157715
S60_S0035,fake_biased,0.051381927
S60_S0037,fake_biased,0.054679558
S60_S0038,fake_biased,0.05293399
S60_S0043,fake_biased,0.052184016
S60_S0048,fake_biased,0.05355919
S60_S0060,fake_biased,0.051766656
S60_S0062,fake_biased,0.05192637
S60_S0064,fake_biased,0.052748427
S60_S0067,fake_biased,0.053432927
S60_S0074,fake_biased,0.05257161
S60_S0075,fake_biased,0.052285783
S60_S0078,fake_biased,0.052258004
S60_S0081,fake_biased,0.053663116
S60_S0082,fake_biased,0.051306613
S60_S0085,fake_biased,0.05089865
S60_S0086,fake_biased,0.052834332
S60_S0089,fake_biased,0.053558137
S60_S0097,fake_biased,0.053039547
S60_S0105,fake_biased,0.05373168
S60_S0106,fake_biased,0.051254153
S60_S0115,fake_biased,0.052763935
S60_S0117,fake_biased,0.05286751
S60_S0119,fake_biased,0.05266989
S60_S0123,fake_biased,0.052673165
S60_S0125,fake_biased,0.052412234
S60_S0126,fake_biased,0.054094307
S60_S0128,fake_biased,0.05232247
S60_S0129,fake_biased,0.05112308
S60_S0136,fake_biased,0.05272646
S60_S0138,fake_biased,0.05115806
S60_S0139,fake_biased,0.052653134
S60_S0150,fake_biased,0.05132455
S60_S0158,fake_biased,0.052249055
S60_S0159,fake_biased,0.05324607
S60_S0160,fake_biased,0.05515529
S60_S0162,fake_biased,0.053238157
S60_S0168,fake_biased,0.051330026
S60_S0171,fake_biased,0.05141403
S60_S0172,fake_biased,0.05331323
S60_S0173,fake_biased,0.05153414
S60_S0174,fake_biased,0.05312388
S60_S0183,fake_biased,0.052456897
S60_S0189,fake_biased,0.05320288
S60_S0194,fake_biased,0.05233751
S60_S0198,fake_biased,0.052417632
S60_S0207,fake_biased,0.050535154
S60_S0211,fake_biased,0.05334836
S60_S0213,fake_biased,0.051387247
S60_S0215,fake_biased,0.054225527
S60_S0216,fake_biased,0.05250872
S60_S0218,fake_biased,0.053095415
S60_S0220,fake_biased,0.05286076
S60_S0222,fake_biased,0.05312666
S60_S0223,fake_biased,0.050479375
S60_S0224,fake_biased,0.051646017
S60_S0233,fake_biased,0.051220134
S60_S0237,fake_biased,0.05152553
S60_S0241,fake_biased,0.05249803
S60_S0247,fake_biased,0.051331762
S60_S0257,fake_biased,0.052792992
S60_S0270,fake_biased,0.052372128
S60_S0273,fake_biased,0.05165071
S60_S0275,fake_biased,0.05315853
S60_S0279,fake_biased,0.0535243
S60_S0290,fake_biased,0.05336659
S60_S0291,fake_biased,0.053852763
S60_S0292,fake_biased,0.052478775
S60_S0297,fake_biased,0.051244587
S60_S0301,fake_biased,0.05392542
S60_S0302,fake_biased,0.05307845
S60_S0305,fake_biased,0.052369386
S60_S0321,fake_biased,0.053392775
S60_S0324,fake_biased,0.052086156
S60_S0325,fake_biased,0.052498773
S60_S0334,fake_biased,0.053173017
S60_S0335,fake_biased,0.05438712
S60_S0338,fake_biased,0.05091736
S60_S0339,fake_biased,0.05407142
S60_S0342,fake_biased,0.05317631
S60_S0350,fake_biased,0.053130984
S60_S0353,fake_biased,0.050493278
S60_S0356,fake_biased,0.05170242
S60_S0368,fake_biased,0.0548344
S60_S0379,fake_biased,0.05278195
S60_S0381,fake_biased,0.052141827
S60_S0383,fake_biased,0.053139694
S60_S0391,fake_biased,0.05234029
S60_S0392,fake_biased,0.05330656
S60_S0395,fake_biased,0.053753674
S60_S0400,fake_biased,0.053085595
S60_S0405,fake_biased,0.052439913
S60_S0407,fake_biased,0.055581372
S60_S0408,fake_biased,0.052721925
S60_S0409,fake_biased,0.052544028
S60_S0413,fake_biased,0.05496915
S60_S0415,fake_biased,0.05429163
S60_S0435,fake_biased,0.052364796
S60_S0438,fake_biased,0.051185362
S60_S0443,fake_biased,0.05241864
S60_S0446,fake_biased,0.05240771
S60_S0447,fake_biased,0.051190972
S60_S0448,fake_biased,0.05250111
S60_S0449,fake_biased,0.051597346
S60_S0452,fake_biased,0.052740015
S60_S0454,fake_biased,0.053204358
S60_S0458,fake_biased,0.05239134
S60_S0462,fake_biased,0.051445153
S60_S0475,fake_biased,0.052190468
S60_S0480,fake_biased,0.051975626
S60_S0481,fake_biased,0.053046048
S60_S0489,fake_biased,0.05346107
S60_S0490,fake_biased,0.051890004
S60_S0493,fake_biased,0.053147905
S60_S0494,fake_biased,0.05200385
S60_S0499,fake_biased,0.053576205
S60_S0502,fake_biased,0.05410387
S60_S0503,fake_biased,0.052252583
S60_S0510,fake_biased,0.05159224
S60_S0511,fake_biased,0.05282789
S60_S0512,fake_biased,0.05160964
S60_S0515,fake_biased,0.05176123
S60_S0516,fake_biased,0.05140796
S60_S0524,fake_biased,0.051825743
S60_S0526,fake_biased,0.051031053
S60_S0529,fake_biased,0.05229385
S60_S0530,fake_biased,0.053454984
S60_S0531,fake_biased,0.052162427
S60_S0532,fake_biased,0.05110509
S60_S0539,fake_biased,0.054011688
S60_S0542,fake_biased,0.050617836
S60_S0545,fake_biased,0.052424755
S60_S0547,fake_biased,0.051294677
S60_S0548,fake_biased,0.053733934
S60_S0553,fake_biased,0.052233372
S60_S0556,fake_biased,0.052719247
S60_S0557,fake_biased,0.052577082
S60_S0558,fake_biased,0.054123603
S60_S0561,fake_biased,0.05225885
S60_S0567,fake_biased,0.051599715
S60_S0568,fake_biased,0.05259661
S60_S0572,fake_biased,0.05395143
S60_S0577,fake_biased,0.05269282
S60_S0587,fake_biased,0.05267282
S60_S0590,fake_biased,0.052061945
S60_S0593,fake_biased,0.05145118
S60_S0597,fake_biased,0.05159446
S60_S0599,fake_biased,0.052914064
S60_S0603,fake_biased,0.052769948
S60_S0607,fake_biased,0.053030018
S60_S0609,fake_biased,0.05196046
S60_S0610,fake_biased,0.051854454
S60_S0613,fake_biased,0.053544797
S60_S0621,fake_biased,0.052355714
S60_S0641,fake_biased,0.05405088
S60_S0642,fake_biased,0.05187198
S60_S0643,fake_biased,0.05267704
S60_S0647,fake_biased,0.051346842
S60_S0650,fake_biased,0.05124976
S60_S0651,fake_biased,0.05489477
S60_S0654,fake_biased,0.05209081
S60_S0655,fake_biased,0.05062874
S60_S0656,fake_biased,0.052238297
S60_S0660,fake_biased,0.053788755
S60_S0664,fake_biased,0.053405896
S60_S0666,fake_biased,0.05370755
S60_S0667,fake_biased,0.051679797
S60_S0677,fake_biased,0.052663665
S60_S0682,fake_biased,0.050952863
S60_S0685,fake_biased,0.05055496
S60_S0695,fake_biased,0.052302673
S60_S0698,fake_biased,0.05138801
S60_S0700,fake_biased,0.053192526
S60_S0701,fake_biased,0.052537583
S60_S0704,fake_biased,0.051631846
S60_S0707,fake_biased,0.05262443
S60_S0709,fake_biased,0.0529575
S60_S0711,fake_biased,0.05272777
S60_S0719,fake_biased,0.053583305
S60_S0723,fake_biased,0.05259635
S60_S0724,fake_biased,0.052161686
S60_S0730,fake_biased,0.05188055
S60_S0740,fake_biased,0.054775503
S60_S0750,fake_biased,0.05259654
S60_S0751,fake_biased,0.05161983
S60_S0753,fake_biased,0.05272501
S60_S0754,fake_biased,0.052339792
S60_S0756,fake_biased,0.051222093
S60_S0759,fake_biased,0.052024726
S60_S0769,fake_biased,0.0525048
S60_S0773,fake_biased,0.051775344
S60_S0776,fake_biased,0.052577306
S60_S0777,fake_biased,0.054319117
S60_S0787,fake_biased,0.05140539
S60_S0790,fake_biased,0.053433876
S60_S0797,fake_biased,0.05060938
S60_S0804,fake_biased,0.05340966
S60_S0822,fake_biased,0.05178121
S60_S0823,fake_biased,0.05166753
S60_S0824,fake_biased,0.052403223
S60_S0829,fake_biased,0.052551992
S60_S0830,fake_biased,0.051551063
S60_S0831,fake_biased,0.051361836
S60_S0832,fake_biased,0.05361237
S60_S0836,fake_biased,0.0519581
S60_S0842,fake_biased,0.052194707
S60_S0843,fake_biased,0.050704613
S60_S0844,fake_biased,0.052374724
S60_S0854,fake_biased,0.05386811
S60_S0856,fake_biased,0.055701885
S60_S0860,fake_biased,0.051952373
S60_S0863,fake_biased,0.05183973
S60_S0864,fake_biased,0.05256884
S60_S0874,fake_biased,0.051550496
S60_S0879,fake_biased,0.052835118
S60_S0899,fake_biased,0.05588811
S60_S0909,fake_biased,0.050543074
S60_S0912,fake_biased,0.05335914
S60_S0913,fake_biased,0.05079626
S60_S0919,fake_biased,0.053232454
S60_S0927,fake_biased,0.051221445
S60_S0928,fake_biased,0.052159373
S60_S0936,fake_biased,0.05249324
S60_S0948,fake_biased,0.053377483
S60_S0951,fake_biased,0.054773085
S60_S0954,fake_biased,0.05286099
S60_S0955,fake_biased,0.05268459
S60_S0956,fake_biased,0.051371608
S60_S0966,fake_biased,0.051560666
S60_S0967,fake_biased,0.050590385
S60_S0971,fake_biased,0.054160766
S60_S0981,fake_biased,0.05400529
S60_S0982,fake_biased,0.0506203
S60_S0983,fake_biased,0.05157394
S60_S0987,fake_biased,0.0524214
S60_S0990,fake_biased,0.053248495
S60_S0991,fake_biased,0.05076178
S60_S0994,fake_biased,0.051453047
S60_S1005,fake_biased,0.05282189
S60_S1006,fake_biased,0.052659947
S60_S1009,fake_biased,0.051263124
S60_S1012,fake_biased,0.051400088
S60_S1013,fake_biased,0.054855146
S60_S1014,fake_biased,0.05281192
S60_S1016,fake_biased,0.051351614
S60_S1017,fake_biased,0.05327683
S60_S1022,fake_biased,0.052504
S60_S1023,fake_biased,0.05241965
S60_S1025,fake_biased,0.05245633
S60_S1031,fake_biased,0.050924525
S60_S1033,fake_biased,0.051553864
S60_S1042,fake_biased,0.052335277
S60_S1051,fake_biased,0.052405864
S60_S1055,fake_biased,0.052933656
S60_S1060,fake_biased,0.053056106
S60_S1063,fake_biased,0.052198444
S60_S1066,fake_biased,0.05142323
S60_S1067,fake_biased,0.052451912
S60_S1068,fake_biased,0.053000793
S60_S1073,fake_biased,0.05280161
S60_S1074,fake_biased,0.051483974
S60_S1075,fake_biased,0.05264635
S60_S1076,fake_biased,0.053723633
S60_S1080,fake_biased,0.05209268
S60_S1081,fake_biased,0.052496493
S60_S1084,fake_biased,0.052209713
S60_S1085,fake_biased,0.052023135
S60_S1086,fake_biased,0.05242474
S60_S1088,fake_biased,0.05168885
S60_S1100,fake_biased,0.05538514
S60_S1101,fake_biased,0.052364208
S60_S1102,fake_biased,0.05307236
S60_S1105,fake_biased,0.053237874
S60_S1110,fake_biased,0.052566987
S60_S1114,fake_biased,0.054554842
S60_S1118,fake_biased,0.05200752
S60_S1122,fake_biased,0.052286472
S60_S1123,fake_biased,0.052229118
S60_S1124,fake_biased,0.0531188
S60_S1127,fake_biased,0.05278267
S60_S1129,fake_biased,0.052854702
S60_S1130,fake_biased,0.05389817
S60_S1132,fake_biased,0.051437203
S60_S1135,fake_biased,0.05151007
S60_S1140,fake_biased,0.052765787
S60_S1144,fake_biased,0.052917268
S60_S1148,fake_biased,0.052700948
S60_S1149,fake_biased,0.05157844
S60_S1151,fake_biased,0.051723637
S60_S1154,fake_biased,0.052175157
S60_S1158,fake_biased,0.051956188
S60_S1160,fake_biased,0.051834155
S60_S1163,fake_biased,0.050864857
S60_S1164,fake_biased,0.05537952
S60_S1165,fake_biased,0.055255007
S60_S1167,fake_biased,0.051903497
S60_S1169,fake_biased,0.05120537
S60_S1170,fake_biased,0.050999112
S60_S1175,fake_biased,0.05213841
S60_S1177,fake_biased,0.05170193
S60_S1190,fake_biased,0.0529253
S60_S1191,fake_biased,0.0525519
S70_S0008,fake_biased,0.05059442
S70_S0009,fake_biased,0.04892417
S70_S0034,fake_biased,0.049031805
S70_S0045,fake_biased,0.049822222
S70_S0052,fake_biased,0.049432375
S70_S0056,fake_biased,0.048753012
S70_S0072,fake_biased,0.04995145
S70_S0079,fake_biased,0.051853377
S70_S0083,fake_biased,0.050405383
S70_S0090,fake_biased,0.050167266
S70_S0094,fake_biased,0.051579468
S70_S0104,fake_biased,0.049723662
S70_S0113,fake_biased,0.0490645
S70_S0142,fake_biased,0.050405
S70_S0144,fake_biased,0.050034165
S70_S0147,fake_biased,0.049809225
S70_S0161,fake_biased,0.050829347
S70_S0163,fake_biased,0.04888434
S70_S0176,fake_biased,0.04968368
S70_S0184,fake_biased,0.04906292
S70_S0188,fake_biased,0.049025398
S70_S0196,fake_biased,0.05030231
S70_S0199,fake_biased,0.049971905
S70_S0203,fake_biased,0.04986416
S70_S0204,fake_biased,0.04959076
S70_S0205,fake_biased,0.050907686
S70_S0209,fake_biased,0.051565167
S70_S0210,fake_biased,0.049434036
S70_S0214,fake_biased,0.051305167
S70_S0217,fake_biased,0.051365312
S70_S0221,fake_biased,0.04930414
S70_S0225,fake_biased,0.05229378
S70_S0227,fake_biased,0.050936542
S70_S0229,fake_biased,0.048918113
S70_S0230,fake_biased,0.05159042
S70_S0231,fake_biased,0.04979896
S70_S0232,fake_biased,0.048488062
S70_S0246,fake_biased,0.050571565
S70_S0250,fake_biased,0.049140345
S70_S0256,fake_biased,0.050142515
S70_S0263,fake_biased,0.051701978
S70_S0264,fake_biased,0.050143033
S70_S0267,fake_biased,0.052141972
S70_S0271,fake_biased,0.052485194
S70_S0272,fake_biased,0.04973558
S70_S0280,fake_biased,0.048764296
S70_S0294,fake_biased,0.049282596
S70_S0300,fake_biased,0.049837817
S70_S0306,fake_biased,0.049115483
S70_S0316,fake_biased,0.04951279
S70_S0317,fake_biased,0.05037109
S70_S0320,fake_biased,0.04936083
S70_S0328,fake_biased,0.048563465
S70_S0337,fake_biased,0.048334844
S70_S0340,fake_biased,0.051074583
S70_S0348,fake_biased,0.04978525
S70_S0357,fake_biased,0.04866249
S70_S0361,fake_biased,0.050887212
S70_S0369,fake_biased,0.051718153
S70_S0372,fake_biased,0.050020512
S70_S0374,fake_biased,0.050322164
S70_S0375,fake_biased,0.05012691
S70_S0376,fake_biased,0.050301775
S70_S0390,fake_biased,0.048684817
S70_S0397,fake_biased,0.05012238
S70_S0398,fake_biased,0.05037144
S70_S0416,fake_biased,0.05080096
S70_S0423,fake_biased,0.048615802
S70_S0426,fake_biased,0.04953413
S70_S0430,fake_biased,0.048748415
S70_S0437,fake_biased,0.05042828
S70_S0450,fake_biased,0.049744777
S70_S0456,fake_biased,0.04907153
S70_S0461,fake_biased,0.049966678
S70_S0466,fake_biased,0.048650593
S70_S0474,fake_biased,0.050636258
S70_S0477,fake_biased,0.049414564
S70_S0513,fake_biased,0.04916538
S70_S0514,fake_biased,0.051138442
S70_S0519,fake_biased,0.050790388
S70_S0522,fake_biased,0.049911223
S70_S0525,fake_biased,0.049596917
S70_S0535,fake_biased,0.049531683
S70_S0537,fake_biased,0.04940899
S70_S0546,fake_biased,0.05086476
S70_S0551,fake_biased,0.050926305
S70_S0552,fake_biased,0.049165003
S70_S0564,fake_biased,0.051824193
S70_S0565,fake_biased,0.048353452
S70_S0571,fake_biased,0.04929673
S70_S0576,fake_biased,0.04959705
S70_S0588,fake_biased,0.0507115
S70_S0600,fake_biased,0.05063705
S70_S0606,fake_biased,0.048861373
S70_S0611,fake_biased,0.049397904
S70_S0627,fake_biased,0.05069644
S70_S0628,fake_biased,0.05147297
S70_S0629,fake_biased,0.050686244
S70_S0631,fake_biased,0.049873527
S70_S0635,fake_biased,0.04955724
S70_S0636,fake_biased,0.05032614
S70_S0653,fake_biased,0.04990605
S70_S0657,fake_biased,0.050543036
S70_S0668,fake_biased,0.05040353
S70_S0692,fake_biased,0.050578434
S70_S0697,fake_biased,0.05219953
S70_S0718,fake_biased,0.051547676
S70_S0722,fake_biased,0.0500597
S70_S0727,fake_biased,0.049271975
S70_S0728,fake_biased,0.051448286
S70_S0735,fake_biased,0.04974969
S70_S0738,fake_biased,0.050947703
S70_S0741,fake_biased,0.048865337
S70_S0742,fake_biased,0.050224856
S70_S0743,fake_biased,0.048208624
S70_S0768,fake_biased,0.049878247
S70_S0771,fake_biased,0.049723875
S70_S0779,fake_biased,0.050700486
S70_S0788,fake_biased,0.050625287
S70_S0794,fake_biased,0.04928068
S70_S0807,fake_biased,0.051840294
S70_S0809,fake_biased,0.050952803
S70_S0811,fake_biased,0.05015746
S70_S0814,fake_biased,0.052263916
S70_S0834,fake_biased,0.048280064
S70_S0835,fake_biased,0.049040142
S70_S0840,fake_biased,0.049635727
S70_S0845,fake_biased,0.04993778
S70_S0850,fake_biased,0.051155444
S70_S0851,fake_biased,0.050416112
S70_S0858,fake_biased,0.051561277
S70_S0861,fake_biased,0.049975447
S70_S0862,fake_biased,0.050578587
S70_S0865,fake_biased,0.052290548
S70_S0868,fake_biased,0.04918907
S70_S0875,fake_biased,0.049616788
S70_S0876,fake_biased,0.04926083
S70_S0878,fake_biased,0.049335983
S70_S0884,fake_biased,0.04894363
S70_S0888,fake_biased,0.050867893
S70_S0894,fake_biased,0.05124931
S70_S0902,fake_biased,0.050565157
S70_S0905,fake_biased,0.04883198
S70_S0907,fake_biased,0.048524663
S70_S0916,fake_biased,0.049655795
S70_S0922,fake_biased,0.05057912
S70_S0923,fake_biased,0.048919067
S70_S0929,fake_biased,0.049194634
S70_S0932,fake_biased,0.048563156
S70_S0937,fake_biased,0.05060726
S70_S0939,fake_biased,0.051814765
S70_S0942,fake_biased,0.05116403
S70_S0943,fake_biased,0.051556706
S70_S0952,fake_biased,0.049442105
S70_S0969,fake_biased,0.05126264
S70_S0976,fake_biased,0.050314162
S70_S0984,fake_biased,0.04909116
S70_S0988,fake_biased,0.050725907
S70_S1018,fake_biased,0.0523067
S70_S1024,fake_biased,0.049792938
S70_S1035,fake_biased,0.050753348
S70_S1036,fake_biased,0.050582312
S70_S1039,fake_biased,0.051064488
S70_S1043,fake_biased,0.048587825
S70_S1046,fake_biased,0.050206136
S70_S1062,fake_biased,0.048537057
S70_S1071,fake_biased,0.05110559
S70_S1096,fake_biased,0.05039531
S70_S1108,fake_biased,0.049877286
S70_S1111,fake_biased,0.04992449
S70_S1116,fake_biased,0.050329138
S70_S1117,fake_biased,0.050506696
S70_S1134,fake_biased,0.04901031
S70_S1137,fake_biased,0.05097071
S70_S1139,fake_biased,0.05055994
S70_S1142,fake_biased,0.04846774
S70_S1147,fake_biased,0.04987882
S70_S1166,fake_biased,0.048455138
S70_S1168,fake_biased,0.049234618
S70_S1179,fake_biased,0.050188497
S70_S1181,fake_biased,0.05063789
S70_S1184,fake_biased,0.049826484
S70_S1185,fake_biased,0.050764
S70_S1198,fake_biased,0.05039527
S70_S1200,fake_biased,0.049846508
S80_S0011,fake_biased,0.049203914
S80_S0039,fake_biased,0.04959393
S80_S0092,fake_biased,0.050362036
S80_S0100,fake_biased,0.048298474
S80_S0186,fake_biased,0.048762947
S80_S0242,fake_biased,0.049245235
S80_S0309,fake_biased,0.04867666
S80_S0319,fake_biased,0.04911595
S80_S0326,fake_biased,0.048312675
S80_S0330,fake_biased,0.048398383
S80_S0332,fake_biased,0.048370987
S80_S0431,fake_biased,0.048773386
S80_S0485,fake_biased,0.048752017
S80_S0495,fake_biased,0.049063627
S80_S0500,fake_biased,0.050290927
S80_S0562,fake_biased,0.049529485
S80_S0563,fake_biased,0.049014863
S80_S0570,fake_biased,0.048437215
S80_S0575,fake_biased,0.049169425
S80_S0634,fake_biased,0.048238385
S80_S0662,fake_biased,0.048032816
S80_S0705,fake_biased,0.048710175
S80_S0763,fake_biased,0.052168157
S80_S0781,fake_biased,0.049762562
S80_S0815,fake_biased,0.048670217
S80_S0821,fake_biased,0.04966429
S80_S0827,fake_biased,0.048462592
S80_S0841,fake_biased,0.04901782
S80_S0877,fake_biased,0.05078562
S80_S0897,fake_biased,0.04856724
S80_S0921,fake_biased,0.04842822
S80_S0925,fake_biased,0.048719123
S80_S0938,fake_biased,0.04960635
S80_S0940,fake_biased,0.048284773
S80_S0946,fake_biased,0.050576508
S80_S0992,fake_biased,0.048766125
S80_S0996,fake_biased,0.048744407
S80_S1021,fake_biased,0.049767215
S80_S1040,fake_biased,0.04971035
S80_S1045,fake_biased,0.048518103
S80_S1098,fake_biased,0.048917912
S80_S1153,fake_biased,0.04873624
S90_S0127,fake_biased,0.05393682
S90_S0134,fake_biased,0.06101085
S90_S0504,fake_biased,0.5426428
S90_S0520,fake_biased,0.6538713
S90_S0758,fake_biased,0.06446954
